2525Charlie1stTen,2525Charlie,2525DeltaSymbolSet,2525DeltaEntity,2525DeltaMod1,2525DeltaMod2,Remarks
SUAPM-----,SUAPM-----*****,01,110000,00,00,
SUAPMF----,SUAPMF----*****,01,110100,00,00,
SUAPMFO---,SUAPMFO---*****,01,110101,00,00,
SUAPMFA---,SUAPMFA---*****,01,110102,00,00,
SUAPMFB---,SUAPMFB---*****,01,110103,00,00,
SUAPMFF---,SUAPMFF---*****,01,110104,00,00,
,,01,110105,00,00,
SUAPMFFI--,SUAPMFFI--*****,01,110106,00,00,
SUAPMFC---,SUAPMFC---*****,01,110107,00,00,
SUAPMFCL--,SUAPMFCL--*****,01,110107,00,03,
SUAPMFCM--,SUAPMFCM--*****,01,110107,00,02,
SUAPMFCH--,SUAPMFCH--*****,01,110107,00,01,
SUAPMFJ---,SUAPMFJ---*****,01,110108,00,00,
SUAPMFK---,SUAPMFK---*****,01,110109,00,00,
SUAPMFKB--,SUAPMFKB--*****,01,110109,00,04,
SUAPMFKD--,SUAPMFKD--*****,01,110109,00,05,
SUAPMFP---,SUAPMFP---*****,01,110110,00,00,
SUAPMFR---,SUAPMFR---*****,01,110111,00,00,
SUAPMFT---,SUAPMFT---*****,01,110112,00,00,
SUAPMFU---,SUAPMFU---*****,01,110113,00,00,
SUAPMFUL--,SUAPMFUL--*****,01,110113,00,03,
SUAPMFUM--,SUAPMFUM--*****,01,110113,00,02,
SUAPMFUH--,SUAPMFUH--*****,01,110113,00,01,
SUAPMFL---,SUAPMFL---*****,01,110114,00,00,
SUAPMFD---,SUAPMFD---*****,01,110115,00,00,
SUAPMFRW--,SUAPMFRW--*****,01,110116,00,00,
SUAPMFPN--,SUAPMFPN--*****,01,110117,00,00,
SUAPMFS---,SUAPMFS---*****,01,110118,00,00,
SUAPMFY---,SUAPMFY---*****,01,110119,00,00,
SUAPMFH---,SUAPMFH---*****,01,110120,00,00,
SUAPMFRZ--,SUAPMFRZ--*****,01,110121,00,00,
,,01,110122,00,00,
SUAPMFPM--,SUAPMFPM--*****,01,110123,00,00,
,,01,110124,00,00,
,,01,110125,00,00,
SUAPMFM---,SUAPMFM---*****,01,110126,00,00,
,,01,110127,00,00,
SUAPMFRX--,SUAPMFRX--*****,01,110128,00,00,
SUAPMV----,SUAPMV----*****,01,110129,00,00,
,,01,110130,00,00,
,,01,110131,00,00,
SUAPME----,SUAPME----*****,01,110132,00,00,
,,01,110133,00,00,
SUAPMH----,SUAPMH----*****,01,110200,00,00,
SUAPMHA---,SUAPMHA---*****,01,110200,01,00,
SUAPMHS---,SUAPMHS---*****,01,110200,32,00,
SUAPMHU---,SUAPMHU---*****,01,110200,07,00,
SUAPMHUL--,SUAPMHUL--*****,01,110200,07,03,
SUAPMHUM--,SUAPMHUM--*****,01,110200,07,02,
SUAPMHUH--,SUAPMHUH--*****,01,110200,07,01,
SUAPMHI---,SUAPMHI---*****,01,110200,25,00,
SUAPMHH---,SUAPMHH---*****,01,110200,30,00,
SUAPMHR---,SUAPMHR---*****,01,110200,18,00,
SUAPMHC---,SUAPMHC---*****,01,110200,03,00,
SUAPMHCL--,SUAPMHCL--*****,01,110200,03,03,
SUAPMHCM--,SUAPMHCM--*****,01,110200,03,02,
SUAPMHCH--,SUAPMHCH--*****,01,110200,03,01,
SUAPMHT---,SUAPMHT---*****,01,110200,19,00,
SUAPMHO---,SUAPMHO---*****,01,110200,14,00,
SUAPMHM---,SUAPMHM---*****,01,110200,27,00,
SUAPMHD---,SUAPMHD---*****,01,110200,11,00,
SUAPMHK---,SUAPMHK---*****,01,110200,06,00,
SUAPMHJ---,SUAPMHJ---*****,01,110200,16,00,
SUAPMFQ---,SUAPMFQ---*****,01,110300,00,00,
SUAPMFQA--,SUAPMFQA--*****,01,110300,01,00,
SUAPMFQB--,SUAPMFQB--*****,01,110300,02,00,
SUAPMFQC--,SUAPMFQC--*****,01,110300,03,00,
SUAPMFQD--,SUAPMFQD--*****,01,110300,11,00,
SUAPMFQRW-,SUAPMFQRW-*****,01,110300,12,00,
SUAPMFQF--,SUAPMFQF--*****,01,110300,04,00,
SUAPMFQH--,SUAPMFQH--*****,01,110300,30,00,
SUAPMFQJ--,SUAPMFQJ--*****,01,110300,16,00,
SUAPMFQRZ-,SUAPMFQRZ-*****,01,110300,24,00,
SUAPMFQK--,SUAPMFQK--*****,01,110300,06,00,
SUAPMFQL--,SUAPMFQL--*****,01,110300,08,00,
SUAPMFQM--,SUAPMFQM--*****,01,110300,27,00,
SUAPMFQI--,SUAPMFQI--*****,01,110300,25,00,
SUAPMFQN--,SUAPMFQN--*****,01,110300,32,00,
SUAPMFQP--,SUAPMFQP--*****,01,110300,17,00,
SUAPMFQR--,SUAPMFQR--*****,01,110300,18,00,
SUAPMFQRX-,SUAPMFQRX-*****,01,110300,20,00,
SUAPMFQS--,SUAPMFQS--*****,01,110300,22,00,
SUAPMFQT--,SUAPMFQT--*****,01,110300,19,00,
SUAPMFQU--,SUAPMFQU--*****,01,110300,07,00,
SUAPMFQY--,SUAPMFQY--*****,01,110300,23,00,
SUAPMFQO--,SUAPMFQO--*****,01,110300,14,00,
SUAPMHQ---,SUAPMHQ---*****,01,110400,00,00,
SUAPML----,SUAPML----*****,01,110500,00,00,
,,01,110600,00,00,
,,01,110700,00,00,
SUAPC-----,SUAPC-----*****,01,120000,00,00,
SUAPCF----,SUAPCF----*****,01,120100,00,00,
SUAPCH----,SUAPCH----*****,01,120200,00,00,
,,01,120300,00,00,
SUAPCL----,SUAPCL----*****,01,120400,00,00,
,,01,120500,00,00,
,,01,120600,00,00,
SUAPW-----,SUAPW-----*****,01,130000,00,00,
SUAPW-----,SUAPW-----*****,01,130100,00,00,
SUAPWD----,SUAPWD----*****,01,130200,00,00,
,,01,140000,00,00,
SUAPWM----,SUAPWM----*****,02,110000,00,00,
SUAPWM----,SUAPWM----*****,02,110000,00,05,
SUAPWMS---,SUAPWMS---*****,02,110000,02,05,
SUAPWMSB--,SUAPWMSB--*****,02,110000,05,00,
SUAPWMSS--,SUAPWMSS--*****,02,110000,02,02,
SUAPWMSA--,SUAPWMSA--*****,02,110000,02,01,
SUAPWMSU--,SUAPWMSU--*****,02,110000,02,03,
SUAPWMA---,SUAPWMA---*****,02,110000,01,05,
SUAPWMAS--,SUAPWMAS--*****,02,110000,01,02,
SUAPWMAA--,SUAPWMAA--*****,02,110000,01,01,
SUAPWMAP--,SUAPWMAP--*****,02,110000,01,04,
SUAPWMU---,SUAPWMU---*****,02,110000,03,02,
SUAPWMCM--,SUAPWMCM--*****,02,110000,07,06,
SUAPWMB---,SUAPWMB---*****,02,110000,06,06,
SUPP------,SUPP------*****,05,110000,00,00,
,,05,110100,00,00,
,,05,110200,00,00,
,,05,110300,00,00,
,,05,110400,00,00,
,,05,110500,00,00,
,,05,110600,00,00,
SUPPS-----,SUPPS-----*****,05,110700,00,00,
,,05,110800,00,00,
,,05,110900,00,00,
,,05,111000,00,00,
,,05,111100,00,00,
,,05,111200,00,00,
,,05,111300,00,00,
,,05,111400,00,00,
,,05,111500,00,00,
SUPPT-----,SUPPT-----*****,05,111600,00,00,
,,05,111700,00,00,
,,05,111800,00,00,
SUPPL-----,SUPPL-----*****,05,111900,00,00,
,,05,120000,00,00,
,,05,120100,00,00,
,,05,120200,00,00,
,,05,120300,00,00,
,,05,120400,00,00,
,,05,120500,00,00,
,,05,120600,00,00,
,,05,120700,00,00,
,,05,120800,00,00,
,,05,120900,00,00,
,,05,121000,00,00,
,,05,121100,00,00,
,,05,121200,00,00,
,,05,130000,00,00,
,,06,110000,00,00,
,,10,110000,00,00,
,,10,110100,00,00,
SUFPGC----,SUFPGC----*****,10,110200,00,00,
,,10,110300,00,00,
,,10,110400,00,00,
,,10,110500,00,00,
SUFPGP----,SUFPGP----*****,10,110600,00,00,
,,10,110601,00,00,
,,10,110700,00,00,
,,10,110800,00,00,
,,10,110900,00,00,
SUGPUUS---,SUGPUUS---*****,10,111000,00,00,
SUGPUUSA--,SUGPUUSA--*****,10,111000,02,00,
SUGPUUSC--,SUGPUUSC--*****,10,111000,11,00,
SUGPUUSO--,SUGPUUSO--*****,10,111000,49,00,
SUGPUUSF--,SUGPUUSF--*****,10,111000,27,00,
SUGPUUSM--,SUGPUUSM--*****,10,111000,36,00,
SUGPUUSML-,SUGPUUSML-*****,10,111000,30,00,
SUGPUUSMN-,SUGPUUSMN-*****,10,111000,47,00,
SUGPUUSS--,SUGPUUSS--*****,10,111000,77,00,
SUGPUUSR--,SUGPUUSR--*****,10,111001,00,00,
SUGPUUSRW-,SUGPUUSRW-*****,10,111002,00,00,
SUGPUUSRT-,SUGPUUSRT-*****,10,111003,00,00,
SUGPUUSRS-,SUGPUUSRS-*****,10,111004,00,00,
,,10,111005,00,00,
,,10,111095,00,00,
,,10,111097,00,00,
,,10,111098,00,00,
,,10,111100,00,00,
,,10,111200,00,00,
,,10,120000,00,00,
,,10,120100,00,00,
,,10,120200,00,00,
,,10,120300,00,00,
SUGPUUP---,SUGPUUP---*****,10,120300,29,00,
SUGPUCAA--,SUGPUCAA--*****,10,120400,00,00,
SUGPUCAAL-,SUGPUCAAL-*****,10,120400,00,19,
,,10,120400,00,24,
,,10,120400,00,15,
SUGPUCAAM-,SUGPUCAAM-*****,10,120400,00,01,
SUGPUCAAS-,SUGPUCAAS-*****,10,120400,01,00,
SUGPUCAAU-,SUGPUCAAU-*****,10,120400,00,27,
SUGPUCAAC-,SUGPUCAAC-*****,10,120400,00,02,
SUGPUCAAA-,SUGPUCAAA-*****,10,120401,00,00,
SUGPUCAAAS,SUGPUCAAAS*****,10,120401,01,00,
SUGPUCAAAW,SUGPUCAAAW*****,10,120401,00,51,
SUGPUCAAO-,SUGPUCAAO-*****,10,120402,00,00,
SUGPUCAAOS,SUGPUCAAOS*****,10,120402,01,00,
SUGPUCAT--,SUGPUCAT--*****,10,120500,00,00,
SUGPUCATL-,SUGPUCATL-*****,10,120500,00,19,
SUGPUCATM-,SUGPUCATM-*****,10,120500,00,24,
SUGPUCATH-,SUGPUCATH-*****,10,120500,00,15,
SUGPUCATA-,SUGPUCATA-*****,10,120500,00,01,
SUGPUCATR-,SUGPUCATR-*****,10,120500,00,38,
SUGPUCRVA-,SUGPUCRVA-*****,10,120501,00,00,
SUGPUCRRL-,SUGPUCRRL-*****,10,120501,00,19,
SUGPUCATW-,SUGPUCATW-*****,10,120502,00,00,
SUGPUCAWW-,SUGPUCAWW-*****,10,150502,00,51,
SUGPUCATWR,SUGPUCATWR*****,10,120502,00,38,
,,10,120595,00,00,
SUGPUCV---,SUGPUCV---*****,10,120600,00,00,
SUGPUCVRA-,SUGPUCVRA-*****,10,120600,03,00,
SUGPUCVUR-,SUGPUCVUR-*****,10,120600,01,00,
SUGPUCVRUC,SUGPUCVRUC*****,10,120600,10,00,
SUGPUCVRM-,SUGPUCVRM-*****,10,120600,33,00,
SUGPUCVS--,SUGPUCVS--*****,10,120600,53,00,
SUGPUCSA--,SUGPUCSA--*****,10,120600,54,00,
SUFPA-----,SUFPA-----*****,10,120600,63,00,
SUFPAHA---,SUFPAHA---*****,10,120600,63,54,
SUFPAHU---,SUFPAHU---*****,10,120600,63,56,
SUFPAHH---,SUFPAHH---*****,10,120600,63,57,
SUFPAHUL--,SUFPAHUL--*****,10,120600,63,19,
SUFPAHUM--,SUFPAHUM--*****,10,120600,63,24,
SUFPAHUH--,SUFPAHUH--*****,10,120600,63,15,
SUGPUCVRU-,SUGPUCVRU-*****,10,120600,69,00,
SUGPUCVRUL,SUGPUCVRUL*****,10,120600,69,19,
SUGPUCVRUM,SUGPUCVRUM*****,10,120600,69,24,
SUGPUCVRUH,SUGPUCVRUH*****,10,120600,69,15,
SUGPUCVRW-,SUGPUCVRW-*****,10,120600,74,00,
SUGPUCVRUE,SUGPUCVRUE*****,10,120600,75,00,
SUGPUCRVO-,SUGPUCRVO-*****,10,120601,00,00,
,,10,120695,00,00,
,,10,120697,00,00,
,,10,120698,00,00,
SUGPUCVC--,SUGPUCVC--*****,10,120700,00,00,
,,10,120795,00,00,
SUGPUCVF--,SUGPUCVF--*****,10,120800,00,00,
SUGPUCVFA-,SUGPUCVFA-*****,10,120800,03,00,
SUGPUCVUF-,SUGPUCVUF-*****,10,120800,01,00,
SUFPAF----,SUFPAF----*****,10,120800,63,00,
SUFPAFA---,SUFPAFA---*****,10,120800,63,54,
SUFPAFK---,SUFPAFK---*****,10,120800,63,55,
SUFPAFU---,SUFPAFU---*****,10,120800,63,56,
SUFPAFUL--,SUFPAFUL--*****,10,120800,63,19,
SUFPAFUM--,SUFPAFUM--*****,10,120800,63,24,
SUFPAFUH--,SUFPAFUH--*****,10,120800,63,15,
SUFPAV----,SUFPAV----*****,10,120800,63,49,
SUGPUCVFU-,SUGPUCVFU-*****,10,120800,69,00,
SUGPUCVV--,SUGPUCVV--*****,10,120800,00,49,
SUGPUCVFR-,SUGPUCVFR-*****,10,120801,00,00,
,,10,120895,00,00,
SUGPUC----,SUGPUC----*****,10,120900,00,00,
,,10,121000,00,00,
,,10,121095,00,00,
SUGPUCI---,SUGPUCI---*****,10,121100,00,00,
SUFPGR----,SUFPGR----*****,10,121100,57,01,
SUGPUCIL--,SUGPUCIL--*****,10,121100,00,19,
SUGPUCIO--,SUGPUCIO--*****,10,121100,00,27,
SUGPUCIA--,SUGPUCIA--*****,10,121100,00,01,
SUGPUCIS--,SUGPUCIS--*****,10,121100,01,00,
SUGPUCIC--,SUGPUCIC--*****,10,121100,00,02,
SUGPUCIN--,SUGPUCIN--*****,10,121100,46,00,
,,10,121101,00,00,
SUGPUCIZ--,SUGPUCIZ--*****,10,121102,00,00,
,,10,121103,00,00,
SUGPUCIM--,SUGPUCIM--*****,10,121104,00,00,
,,10,121195,00,00,
,,10,121200,00,00,
SUGPUCR---,SUGPUCR---*****,10,121300,00,00,
SUGPUCRC--,SUGPUCRC--*****,10,121300,00,02,
SUGPUCRS--,SUGPUCRS--*****,10,121300,01,00,
SUGPUCRA--,SUGPUCRA--*****,10,121300,00,01,
SUGPUCRO--,SUGPUCRO--*****,10,121300,00,27,
SUGPUCRL--,SUGPUCRL--*****,10,121300,00,19,
SUGPUCRX--,SUGPUCRX--*****,10,121300,00,22,
SUGPUCRH--,SUGPUCRH--*****,10,121300,00,31,
,,10,121301,00,00,
SUGPUCRR--,SUGPUCRR--*****,10,121302,00,00,
SUGPUCRRD-,SUGPUCRRD-*****,10,121302,19,00,
SUGPUCRRF-,SUGPUCRRF-*****,10,121302,26,00,
SUGPUCRVM-,SUGPUCRVM-*****,10,121303,00,00,
,,10,121395,00,00,
SUFPNS----,SUFPNS----*****,10,121400,00,00,
,,10,121500,00,00,
,,10,121600,00,00,
SUFPGS----,SUFPGS----*****,10,121700,00,00,
,,10,121795,00,00,
SUFP------,SUFP------*****,10,121800,00,00,
SUFPB-----,SUFPB-----*****,10,121800,00,54,
SUFPGPA---,SUFPGPA---*****,10,121801,00,00,
SUFPG-----,SUFPG-----*****,10,121802,00,00,
SUFPNB----,SUFPNB----*****,10,121803,00,00,
SUFPNN----,SUFPNN----*****,10,121804,00,00,
SUFPNU----,SUFPNU----*****,10,121805,00,00,
SUGPUCVU--,SUGPUCVU--*****,10,121900,00,00,
,,10,130000,00,00,
SUGPUCD---,SUGPUCD---*****,10,130100,00,00,
SUGPUCDS--,SUGPUCDS--*****,10,130100,00,43,
SUGPUCDT--,SUGPUCDT--*****,10,130100,67,00,
SUGPUCDG--,SUGPUCDG--*****,10,130101,00,00,
SUGPUCDM--,SUGPUCDM--*****,10,130102,00,00,
SUGPUCDH--,SUGPUCDH--*****,10,130102,28,00,
SUGPUCDML-,SUGPUCDML-*****,10,130102,00,19,
SUGPUCDMM-,SUGPUCDMM-*****,10,130102,00,24,
SUGPUCDMH-,SUGPUCDMH-*****,10,130102,00,15,
,,10,130195,00,00,
SUGPUCDO--,SUGPUCDO--*****,10,130198,00,00,
SUGPUCFTA-,SUGPUCFTA-*****,10,130200,00,00,
SUGPUCF---,SUGPUCF---*****,10,130300,00,00,
SUGPUCFHA-,SUGPUCFHA-*****,10,130300,00,01,
SUGPUCFHS-,SUGPUCFHS-*****,10,130300,01,00,
SUGPUCFHC-,SUGPUCFHC-*****,10,130300,00,02,
SUGPUCFHO-,SUGPUCFHO-*****,10,130300,00,27,
SUGPUCFHL-,SUGPUCFHL-*****,10,130300,00,19,
SUGPUCFHM-,SUGPUCFHM-*****,10,130300,00,24,
SUGPUCFHH-,SUGPUCFHH-*****,10,130300,00,15,
SUGPUCFRM-,SUGPUCFRM-*****,10,130300,41,00,
SUGPUCFTR-,SUGPUCFTR-*****,10,130300,50,00,
SUGPUCFRS-,SUGPUCFRS-*****,10,130300,59,00,
SUGPUCFRSR,SUGPUCFRSR*****,10,130300,59,51,
SUGPUCFRST,SUGPUCFRST*****,10,130300,59,47,
SUGPUCFTS-,SUGPUCFTS-*****,10,130300,62,00,
SUGPUCFT--,SUGPUCFT--*****,10,130300,67,00,
SUGPUCFTF-,SUGPUCFTF-*****,10,130300,67,30,
SUGPUCFHE-,SUGPUCFHE-*****,10,130301,00,00,
SUGPUCFRSS,SUGPUCFRSS*****,10,130301,59,00,
SUGPUCFRMS,SUGPUCFRMS*****,10,130301,41,00,
SUGPUCFTCM,SUGPUCFTCM*****,10,130302,00,00,
,,10,130395,00,00,
SUGPUCFTC-,SUGPUCFTC-*****,10,130400,00,00,
,,10,130500,00,00,
SUGPUCFO--,SUGPUCFO--*****,10,130600,00,00,
SUGPUCFOS-,SUGPUCFOS-*****,10,130600,01,00,
SUGPUCFOA-,SUGPUCFOA-*****,10,130600,00,01,
SUGPUCFOL-,SUGPUCFOL-*****,10,130600,00,19,
SUGPUCFOO-,SUGPUCFOO-*****,10,130600,00,27,
SUGPUCM---,SUGPUCM---*****,10,130700,00,00,
SUGPUCMS--,SUGPUCMS--*****,10,130700,00,44,
SUGPUCMT--,SUGPUCMT--*****,10,130700,00,46,
SUGPUCFM--,SUGPUCFM--*****,10,130800,00,00,
SUGPUCFMTC,SUGPUCFMTC*****,10,130800,00,02,
SUGPUCFMS-,SUGPUCFMS-*****,10,130801,00,00,
SUGPUCFMW-,SUGPUCFMW-*****,10,130802,00,00,
SUGPUCFMT-,SUGPUCFMT-*****,10,130803,00,00,
SUGPUCFMTS,SUGPUCFMTS*****,10,130803,01,00,
SUGPUCFMTA,SUGPUCFMTA*****,10,130803,00,01,
SUGPUCFMTO,SUGPUCFMTO*****,10,130803,00,27,
SUGPUCFS--,SUGPUCFS--*****,10,130900,00,00,
SUGPUCFSS-,SUGPUCFSS-*****,10,130900,01,00,
SUGPUCFSA-,SUGPUCFSA-*****,10,130900,00,01,
SUGPUCFSL-,SUGPUCFSL-*****,10,130900,00,19,
SUGPUCFSO-,SUGPUCFSO-*****,10,130900,00,27,
,,10,140000,00,00,
SUGPUUA---,SUGPUUA---*****,10,140100,00,00,
SUGPUUAC--,SUGPUUAC--*****,10,140100,07,00,
SUGPUUACS-,SUGPUUACS-*****,10,140100,60,00,
SUGPUUAN--,SUGPUUAN--*****,10,140100,48,00,
SUGPUUAB--,SUGPUUAB--*****,10,140100,04,00,
SUGPUUAD--,SUGPUUAD--*****,10,140100,15,00,
SUGPUUACC-,SUGPUUACC-*****,10,140100,60,09,
,,10,140101,00,00,
SUGPUUACSA,SUGPUUACSA*****,10,140101,60,00,
SUGPUUACCK,SUGPUUACCK*****,10,140101,60,09,
,,10,140102,00,00,
SUGPUUACSM,SUGPUUACSM*****,10,140102,60,00,
SUGPUUACCM,SUGPUUACCM*****,10,140102,60,09,
,,10,140103,00,00,
SUGPUUACR-,SUGPUUACR-*****,10,140103,07,00,
,,10,140104,00,00,
SUGPUUACRW,SUGPUUACRW*****,10,140104,00,51,
,,10,140105,00,00,
SUGPUUABR-,SUGPUUABR-*****,10,140105,04,00,
,,10,140195,00,00,
SUGPUU----,SUGPUU----*****,10,140200,00,00,
,,10,140295,00,00,
SUGPUULD--,SUGPUULD--*****,10,140300,00,00,
,,10,140400,00,00,
,,10,140500,00,00,
,,10,140600,00,00,
SUGPUCE---,SUGPUCE---*****,10,140700,00,00,
SUGPUCECS-,SUGPUCECS-*****,10,140700,01,00,
SUGPUCECA-,SUGPUCECA-*****,10,140700,00,01,
SUGPUCECC-,SUGPUCECC-*****,10,140700,00,02,
SUGPUCEC--,SUGPUCEC--*****,10,140700,09,00,
SUGPUCECL-,SUGPUCECL-*****,10,140700,09,19,
SUGPUCECM-,SUGPUCECM-*****,10,140700,09,24,
SUGPUCECH-,SUGPUCECH-*****,10,140700,09,15,
SUGPUCECO-,SUGPUCECO-*****,10,140700,09,27,
SUGPUCEN--,SUGPUCEN--*****,10,140700,12,00,
SUGPUCENN-,SUGPUCENN-*****,10,140700,46,00,
SUGPUCECT-,SUGPUCECT-*****,10,140701,00,00,
SUGPUCECW-,SUGPUCECW-*****,10,140702,00,00,
SUGPUCECR-,SUGPUCECR-*****,10,140703,00,00,
,,10,140795,00,00,
SUGPUUE---,SUGPUUE---*****,10,140800,00,00,
,,10,140900,00,00,
EUOPCA----,EUOPCA----*****,10,141000,00,00,
,,10,141100,00,00,
SUGPUULM--,SUGPUULM--*****,10,141200,00,00,
,,10,141295,00,00,
,,10,141300,00,00,
,,10,141400,00,00,
,,10,141500,00,00,
,,10,141600,00,00,
SUGPUCS---,SUGPUCS---*****,10,141700,00,00,
SUGPUCSW--,SUGPUCSW--*****,10,141700,00,40,
SUGPUCSR--,SUGPUCSR--*****,10,141700,00,36,
SUGPUCSGA-,SUGPUCSGA-*****,10,141701,00,00,
SUGPUCSM--,SUGPUCSM--*****,10,141701,00,51,
SUGPUCSGM-,SUGPUCSGM-*****,10,141702,00,00,
,,10,141800,00,00,
SUGPUULF--,SUGPUULF--*****,10,141900,00,00,
SUGPUULS--,SUGPUULS--*****,10,142000,00,00,
,,10,142100,00,00,
,,10,150000,00,00,
,,10,150100,00,00,
SUGPUUMC--,SUGPUUMC-------,10,150200,00,00,
,,10,150300,00,00,
SUGPUUSX--,SUGPUUSX--*****,10,150400,00,00,
SUGPUUMSE-,SUGPUUMSE-*****,10,150500,00,00,
,,10,150501,00,00,
SUGPUUMSED,SUGPUUMSED*****,10,150502,00,00,
SUGPUUMSEI,SUGPUUMSEI*****,10,150503,00,00,
SUGPUUMSEJ,SUGPUUMSEJ*****,10,150504,00,00,
,,10,150505,00,00,
SUGPUUMSEC,SUGPUUMSEC*****,10,150597,00,00,
SUGPUUMSET,SUGPUUMSET*****,10,150598,00,00,
,,10,150600,00,00,
SUGPUUMQ--,SUGPUUMQ--*****,10,150700,00,00,
,,10,150800,00,00,
SUGPUUMJ--,SUGPUUMJ--*****,10,150900,00,00,
SUGPUUM---,SUGPUUM---*****,10,151000,00,00,
SUGPUUMA--,SUGPUUMA--*****,10,151000,01,00,
SUGPUUMO--,SUGPUUMO--*****,10,151000,49,00,
SUGPUUMS--,SUGPUUMS--*****,10,151000,57,00,
SUGPUUMRG-,SUGPUUMRG-*****,10,151000,50,00,
SUGPUUMRS-,SUGPUUMRS-*****,10,151000,55,00,
SUGPUUMRSS,SUGPUUMRSS*****,10,151000,56,00,
SUGPUUMRX-,SUGPUUMRX-*****,10,151000,28,00,
SUGPUUMMO-,SUGPUUMMO-*****,10,151000,32,00,
SUGPUUMT--,SUGPUUMT--*****,10,151000,66,00,
,,10,151095,00,00,
SUGPUUMSET,SUGPUUMSET*****,10,151097,00,00,
SUGPUUMSEC,SUGPUUMSEC*****,10,151098,00,00,
,,10,151100,00,00,
,,10,151200,00,00,
,,10,160000,00,00,
SUGPUSA---,SUGPUSA---*****,10,160100,00,00,
SUGPUSAC--,SUGPUSAC--*****,10,160197,00,00,
SUGPUSAT--,SUGPUSAT--*****,10,160198,00,00,
,,10,160200,00,00,
SUGPUSTA--,SUGPUSTA--*****,10,160300,00,00,
SUGPUSTAC-,SUGPUSTAC-*****,10,160397,00,00,
SUGPUSTAT-,SUGPUSTAT-*****,10,160398,00,00,
,,10,160400,00,00,
,,10,160500,00,00,
SUGPUS----,SUGPUS----*****,10,160600,00,00,
SUGPUSAF--,SUGPUSAF--*****,10,160700,00,00,
SUGPUSAFC-,SUGPUSAFC-*****,10,160797,00,00,
SUGPUSAFT-,SUGPUSAFT-*****,10,160798,00,00,
SUGPUSAJ--,SUGPUSAJ--*****,10,160800,00,00,
SUGPUSAJC-,SUGPUSAJC-*****,10,160897,00,00,
SUGPUSAJT-,SUGPUSAJT-*****,10,160898,00,00,
SUGPUSAL--,SUGPUSAL--*****,10,160900,00,00,
SUGPUSALC-,SUGPUSALC-*****,10,160997,00,00,
SUGPUSALT-,SUGPUSALT-*****,10,160998,00,00,
SUGPUSSL--,SUGPUSSL--*****,10,161000,00,00,
SUGPUSSLC-,SUGPUSSLC-*****,10,161097,00,00,
SUGPUSSLT-,SUGPUSSLT-*****,10,161098,00,00,
SUGPUSX---,SUGPUSX---*****,10,161100,00,00,
SUGPUSXH--,SUGPUSXH--*****,10,161100,00,15,
SUGPUSXE--,SUGPUSXE--*****,10,161100,22,00,
SUGPUSXOM-,SUGPUSXOM-*****,10,161100,34,00,
,,10,161195,00,00,
SUGPUSXC--,SUGPUSXC--*****,10,161197,00,00,
SUGPUSXT--,SUGPUSXT--*****,10,161198,00,00,
SUGPUSXHC-,SUGPUSXHC-*****,10,161197,00,15,
SUGPUSXHT-,SUGPUSXHT-*****,10,161198,00,15,
SUGPUSXEC-,SUGPUSXEC-*****,10,161197,34,00,
SUGPUSXET-,SUGPUSXET-*****,10,161198,34,00,
SUGPUSXOMC,SUGPUSXOMC*****,10,161197,34,00,
SUGPUSXOMT,SUGPUSXOMT*****,10,161198,34,00,
,,10,161200,00,00,
SUGPUSM---,SUGPUSM---*****,10,161300,00,00,
SUGPUSMD--,SUGPUSMD--*****,10,161300,00,11,
SUGPUSMP--,SUGPUSMP--*****,10,161300,00,34,
SUGPUSMV--,SUGPUSMV--*****,10,161300,00,50,
,,10,161395,00,00,
SUGPUSMC--,SUGPUSMC--*****,10,161397,00,00,
SUGPUSMT--,SUGPUSMT--*****,10,161398,00,00,
SUGPUSMDC-,SUGPUSMDC-*****,10,161497,00,11,
SUGPUSMDT-,SUGPUSMDT-*****,10,161498,00,11,
SUGPUSMPC-,SUGPUSMPC-*****,10,161497,00,34,
SUGPUSMPT-,SUGPUSMPT-*****,10,161498,00,34,
SUGPUSMVC-,SUGPUSMVC-*****,10,161497,00,50,
SUGPUSMVT-,SUGPUSMVT-*****,10,161498,00,50,
SUGPUSMM--,SUGPUSMM--*****,10,161400,00,00,
SUGPUSMMC-,SUGPUSMMC-*****,10,161497,00,00,
SUGPUSMMT-,SUGPUSMMT-*****,10,161498,00,00,
SUGPUSAW--,SUGPUSAW--*****,10,161500,00,00,
SUGPUSAWC-,SUGPUSAWC-*****,10,161597,00,00,
SUGPUSAWT-,SUGPUSAWT-*****,10,161598,00,00,
SUGPUSAM--,SUGPUSAM--*****,10,161600,00,00,
SUGPUSAMC-,SUGPUSAMC-*****,10,161697,00,00,
SUGPUSAMT-,SUGPUSAMT-*****,10,161698,00,00,
,,10,161700,00,00,
,,10,161800,00,00,
,,10,161900,00,00,
,,10,162000,00,00,
,,10,162100,00,00,
,,10,162200,00,00,
SUGPUSXO--,SUGPUSXO--*****,10,162300,00,00,
,,10,162395,00,00,
SUGPUSXOC-,SUGPUSXOC-*****,10,162397,00,00,
SUGPUSXOT-,SUGPUSXOT-*****,10,162398,00,00,
SUGPUSAS--,SUGPUSAS--*****,10,162400,00,00,
,,10,162495,00,00,
SUGPUSASC-,SUGPUSASC-*****,10,162497,00,00,
SUGPUSAST-,SUGPUSAST-*****,10,162498,00,00,
,,10,162500,00,00,
,,10,162600,00,00,
SUGPUSAO--,SUGPUSAO--*****,10,162700,00,00,
SUGPUSAOC-,SUGPUSAOC-*****,10,162797,00,00,
SUGPUSAOT-,SUGPUSAOT-*****,10,162798,00,00,
SUGPUSAP--,SUGPUSAP--*****,10,162800,00,00,
SUGPUSAPC-,SUGPUSAPC-*****,10,162897,00,00,
SUGPUSAPT-,SUGPUSAPT-*****,10,162898,00,00,
SUGPUSAQ--,SUGPUSAQ--*****,10,162900,00,00,
,,10,162995,00,00,
SUGPUSAQC-,SUGPUSAQC-*****,10,162997,00,00,
SUGPUSAQT-,SUGPUSAQT-*****,10,162998,00,00,
SUGPUSTR--,SUGPUSTR--*****,10,163000,00,00,
SUGPUSTRC-,SUGPUSTRC-*****,10,163097,00,00,
SUGPUSTRT-,SUGPUSTRT-*****,10,163098,00,00,
SUGPUSAR--,SUGPUSAR--*****,10,163100,00,00,
SUGPUSART-,SUGPUSART-*****,10,163197,00,00,
SUGPUSARC-,SUGPUSARC-*****,10,163198,00,00,
SUGPUSAX--,SUGPUSAX--*****,10,163200,00,00,
SUGPUSAXC-,SUGPUSAXC-*****,10,163297,00,00,
SUGPUSAXT-,SUGPUSAXT-*****,10,163298,00,00,
SUGPUSTS--,SUGPUSTS--*****,10,163300,00,00,
SUGPUSTSC-,SUGPUSTSC-*****,10,163397,00,00,
SUGPUSTST-,SUGPUSTST-*****,10,163398,00,00,
SUGPUSS---,SUGPUSS---*****,10,163400,00,00,
SUGPUSSC--,SUGPUSSC--*****,10,163497,00,00,
SUGPUSST--,SUGPUSST--*****,10,163498,00,00,
SUGPUSAPM-,SUGPUSAPM-*****,10,163500,00,00,
SUGPUSAPMC,SUGPUSAPMC*****,10,163597,00,00,
SUGPUSAPMT,SUGPUSAPMT*****,10,163598,00,00,
SUGPUST---,SUGPUST---*****,10,163600,00,00,
SUGPUSTI--,SUGPUSTI--*****,10,163600,34,00,
SUGPUSTM--,SUGPUSTM--*****,10,163600,38,00,
SUGPUSTC--,SUGPUSTC--*****,10,163697,00,00,
SUGPUSTT--,SUGPUSTT--*****,10,163698,00,00,
SUGPUSTIC-,SUGPUSTIC-*****,10,163698,34,00,
SUGPUSTIT-,SUGPUSTIT-*****,10,163698,34,00,
SUGPUSTMC-,SUGPUSTMC-*****,10,163698,38,00,
SUGPUSTMT-,SUGPUSTMT-*****,10,163698,38,00,
SUGPUSS1--,SUGPUSS1--*****,10,163700,00,00,
SUGPUSS1C-,SUGPUSS1C-*****,10,163797,00,00,
SUGPUSS1T-,SUGPUSS1T-*****,10,163798,00,00,
SUGPUSS2--,SUGPUSS2--*****,10,163800,00,00,
SUGPUSS2C-,SUGPUSS2C-*****,10,163897,00,00,
SUGPUSS2T-,SUGPUSS2T-*****,10,163898,00,00,
SUGPUSS3--,SUGPUSS3--*****,10,163900,00,00,
SUGPUSS3A-,SUGPUSS3A-*****,10,163900,78,00,
SUGPUSS3C-,SUGPUSS3C-*****,10,163997,00,00,
SUGPUSS3T-,SUGPUSS3T-*****,10,163998,00,00,
SUGPUSS4--,SUGPUSS4--*****,10,164000,00,00,
SUGPUSS4C-,SUGPUSS4C-*****,10,164097,00,00,
SUGPUSS4T-,SUGPUSS4T-*****,10,164098,00,00,
SUGPUSS5--,SUGPUSS5--*****,10,164100,00,00,
SUGPUSS5C-,SUGPUSS5C-*****,10,164197,00,00,
SUGPUSS5T-,SUGPUSS5T-*****,10,164198,00,00,
SUGPUSS6--,SUGPUSS6--*****,10,164200,00,00,
SUGPUSS6C-,SUGPUSS6C-*****,10,164297,00,00,
SUGPUSS6T-,SUGPUSS6T-*****,10,164298,00,00,
SUGPUSS7--,SUGPUSS7--*****,10,164300,00,00,
SUGPUSS7C-,SUGPUSS7C-*****,10,164397,00,00,
SUGPUSS7T-,SUGPUSS7T-*****,10,164398,00,00,
SUGPUSS8--,SUGPUSS8--*****,10,164400,00,00,
SUGPUSS8C-,SUGPUSS8C-*****,10,164497,00,00,
SUGPUSS8T-,SUGPUSS8T-*****,10,164498,00,00,
SUGPUSS9--,SUGPUSS9--*****,10,164500,00,00,
SUGPUSS9C-,SUGPUSS9C-*****,10,164597,00,00,
SUGPUSS9T-,SUGPUSS9T-*****,10,164598,00,00,
SUGPUSSX--,SUGPUSSX--*****,10,164600,00,00,
SUGPUSSXC-,SUGPUSSXC-*****,10,164697,00,00,
SUGPUSSXT-,SUGPUSSXT-*****,10,164698,00,00,
SUGPUSSW--,SUGPUSSW--*****,10,164700,00,00,
SUGPUSSWC-,SUGPUSSWC-*****,10,164797,00,00,
SUGPUSSWT-,SUGPUSSWT-*****,10,164798,00,00,
SUGPUSSWP-,SUGPUSSWP-*****,10,164800,00,00,
SUGPUSSWPC,SUGPUSSWPC*****,10,164897,00,00,
SUGPUSSWPT,SUGPUSSWPT*****,10,164898,00,00,
SUGPUSAPB-,SUGPUSAPB-*****,10,164900,00,00,
SUGPUSAPBC,SUGPUSAPBC*****,10,164997,00,00,
SUGPUSAPBT,SUGPUSAPBT*****,10,164998,00,00,
,,10,170000,00,00,
,,10,170100,00,00,
SUFPN-----,SUFPN-----*****,10,170100,63,00,
,,10,180000,00,00,
,,10,180100,00,00,
,,10,180200,00,00,
,,10,180300,00,00,
,,10,180400,00,00,
EUOPBA----,EUOPBA----*****,10,190000,00,00,
,,10,190100,00,00,
EUOPDA----,EUOPDA----*****,10,200000,00,00,
,,10,200100,00,00,
,,10,200200,00,00,
,,10,200300,00,00,
,,10,200400,00,00,
,,10,200500,00,00,
,,10,200600,00,00,
SUGPUULC--,SUGPUULC--*****,10,200700,00,00,
,,10,200800,00,00,
,,10,200900,00,00,
,,10,201000,00,00,
,,10,201100,00,00,
,,10,201200,00,00,
,,10,201300,00,00,
,,11,110000,00,00,
,,11,110100,00,00,
,,11,110200,00,00,
OUPP------,OUPP------*****,11,110300,00,00,
OUOPK-----,OUOPK-----*****,11,110300,05,00,
OUPPA-----,OUPPA-----*****,11,110300,13,00,
OURP------,OURP------*****,11,110300,07,00,
OUPPB-----,OUPPB-----*****,11,110300,18,00,
OUPPC-----,OUPPC-----*****,11,110300,19,00,
OUGP------,OUGP------*****,11,110400,00,00,
OUGPA-----,OUGPA-----*****,11,110400,09,00,
OUGPE-----,OUGPE-----*****,11,110400,10,00,
OUGPF-----,OUGPF-----*****,11,110400,11,00,
OUGPB-----,OUGPB-----*****,11,110400,14,00,
OUGPD-----,OUGPD-----*****,11,110400,17,00,
OUGPC-----,OUGPC-----*****,11,110400,18,00,
EUIPBD----,EUIPBD----*****,11,110400,24,00,
,,11,110500,00,00,
,,11,110600,00,00,
,,11,110700,00,00,
,,11,110800,00,00,
OUOPC-----,OUOPC-----*****,11,110900,00,00,
OUOPCB----,OUOPCB----*****,11,110900,21,00,
OUOPCA----,OUOPCA----*****,11,110900,22,00,
OUOPCC----,OUOPCC----*****,11,110900,23,00,
EUOPAA----,EUOPAA----*****,11,111000,00,00,
,,15,110000,00,00,
SUGPEWR---,SUGPEWR---*****,15,110100,00,00,
SUGPEWRR--,SUGPEWRR--*****,15,110101,00,00,
SUGPEWRL--,SUGPEWRL--*****,15,110102,00,00,
SUGPEWRH--,SUGPEWRH--*****,15,110103,00,00,
,,15,110200,00,00,
,,15,110201,00,00,
,,15,110202,00,00,
,,15,110203,00,00,
SUGPEWZ---,SUGPEWZ---*****,15,110300,00,00,
SUGPEWZL--,SUGPEWZL--*****,15,110301,00,00,
SUGPEWZM--,SUGPEWZM--*****,15,110302,00,00,
SUGPEWZH--,SUGPEWZH--*****,15,110303,00,00,
SUGPEXF---,SUGPEXF---*****,15,110400,00,00,
SUGPEWA---,SUGPEWA---*****,15,110500,00,00,
SUGPEWAL--,SUGPEWAL--*****,15,110501,00,00,
SUGPEWAM--,SUGPEWAM--*****,15,110502,00,00,
SUGPEWAH--,SUGPEWAH--*****,15,110503,00,00,
SUGPEWG---,SUGPEWG---*****,15,110600,00,00,
SUGPEWGL--,SUGPEWGL--*****,15,110601,00,00,
SUGPEWGM--,SUGPEWGM--*****,15,110602,00,00,
SUGPEWGH--,SUGPEWGH--*****,15,110603,00,00,
SUGPEWD---,SUGPEWD---*****,15,110700,00,00,
SUGPEWDL--,SUGPEWDL--*****,15,110701,00,00,
SUGPEWDM--,SUGPEWDM--*****,15,110702,00,00,
SUGPEWDH--,SUGPEWDH--*****,15,110703,00,00,
SUGPEWGR--,SUGPEWGR--*****,15,110800,00,00,
,,15,110801,00,00,
,,15,110802,00,00,
,,15,110803,00,00,
SUGPEWH---,SUGPEWH---*****,15,110900,00,00,
SUGPEWHL--,SUGPEWHL--*****,15,110901,00,00,
SUGPEWHM--,SUGPEWHM--*****,15,110902,00,00,
SUGPEWHH--,SUGPEWHH--*****,15,110903,00,00,
SUGPEWM---,SUGPEWM---*****,15,111000,00,00,
,,15,111001,00,00,
,,15,111002,00,00,
,,15,111003,00,00,
SUGPEWMA--,SUGPEWMA--*****,15,111100,00,00,
SUGPEWMAS-,SUGPEWMAS-*****,15,111101,00,00,
SUGPEWMASR,SUGPEWMASR*****,15,111102,00,00,
SUGPEWMASE,SUGPEWMASE*****,15,111103,00,00,
SUGPEWMAI-,SUGPEWMAI-*****,15,111104,00,00,
SUGPEWMAIR,SUGPEWMAIR*****,15,111105,00,00,
SUGPEWMAIE,SUGPEWMAIE*****,15,111106,00,00,
SUGPEWMAL-,SUGPEWMAL-*****,15,111107,00,00,
SUGPEWMALR,SUGPEWMALR*****,15,111108,00,00,
SUGPEWMALE,SUGPEWMALE*****,15,111109,00,00,
SUGPEWMAT-,SUGPEWMAT-*****,15,111198,00,00,
SUGPEWMT--,SUGPEWMT--*****,15,111200,00,00,
SUGPEWMTL-,SUGPEWMTL-*****,15,111201,00,00,
SUGPEWMTM-,SUGPEWMTM-*****,15,111202,00,00,
SUGPEWMTH-,SUGPEWMTH-*****,15,111203,00,00,
SUGPEWMS--,SUGPEWMS--*****,15,111300,00,00,
SUGPEWMSS-,SUGPEWMSS-*****,15,111301,00,00,
SUGPEWMSI-,SUGPEWMSI-*****,15,111302,00,00,
SUGPEWMSL-,SUGPEWMSL-*****,15,111303,00,00,
SUGPEWO---,SUGPEWO---*****,15,111400,00,00,
SUGPEWOL--,SUGPEWOL--*****,15,111401,00,00,
SUGPEWOM--,SUGPEWOM--*****,15,111402,00,00,
SUGPEWOH--,SUGPEWOH--*****,15,111403,00,00,
SUGPEWS---,SUGPEWS---*****,15,111500,00,00,
SUGPEWSL--,SUGPEWSL--*****,15,111501,00,00,
SUGPEWSM--,SUGPEWSM--*****,15,111502,00,00,
SUGPEWSH--,SUGPEWSH--*****,15,111503,00,00,
SUGPEWX---,SUGPEWX---*****,15,111600,00,00,
SUGPEWXL--,SUGPEWXL--*****,15,111601,00,00,
SUGPEWXM--,SUGPEWXM--*****,15,111602,00,00,
SUGPEWXH--,SUGPEWXH--*****,15,111603,00,00,
SUGPEWT---,SUGPEWT---*****,15,111700,00,00,
SUGPEWTL--,SUGPEWTL--*****,15,111701,00,00,
SUGPEWTM--,SUGPEWTM--*****,15,111702,00,00,
SUGPEWTH--,SUGPEWTH--*****,15,111703,00,00,
,,15,111800,00,00,
,,15,111900,00,00,
,,15,112000,00,00,
SUGPEV----,SUGPEV----*****,15,120000,00,00,
SUGPEVA---,SUGPEVA---*****,15,120100,00,00,
SUGPEVAI--,SUGPEVAI--*****,15,120101,00,00,
SUGPEVAC--,SUGPEVAC--*****,15,120102,00,00,
SUGPEVAA--,SUGPEVAA--*****,15,120103,00,00,
SUGPEVUAA-,SUGPEVUAA-*****,15,120104,00,00,
,,15,120105,00,00,
,,15,120106,00,00,
,,15,120107,00,00,
SUGPEVAAR-,SUGPEVAAR-*****,15,120108,00,00,
SUGPEVAS--,SUGPEVAS--*****,15,120109,00,00,
SUGPEVAL--,SUGPEVAL--*****,15,120110,00,00,
SUGPEVAT--,SUGPEVAT--*****,15,120200,00,00,
SUGPEVATL-,SUGPEVATL-*****,15,120201,00,00,
SUGPEVATM-,SUGPEVATM-*****,15,120202,00,00,
SUGPEVATH-,SUGPEVATH-*****,15,120203,00,00,
,,15,120300,00,00,
SUGPEVATLR,SUGPEVATLR*****,15,120301,00,00,
SUGPEVATMR,SUGPEVATMR-*****,15,120302,00,00,
SUGPEVATHR,SUGPEVATHR*****,15,120303,00,00,
SUGPEVE---,SUGPEVE---*****,15,130000,00,00,
SUGPEVEB--,SUGPEVEB--*****,15,130100,00,00,
,,15,130200,00,00,
,,15,130300,00,00,
,,15,130400,00,00,
,,15,130500,00,00,
,,15,130600,00,00,
,,15,130700,00,00,
,,15,130701,00,00,
SUGPEVEE--,SUGPEVEE--*****,15,130800,00,00,
,,15,130801,00,00,
SUGPEVEA--,SUGPEVEA--*****,15,130900,00,00,
SUGPEVEAT-,SUGPEVEAT-*****,15,130901,00,00,
SUGPEVEAA-,SUGPEVEAA-*****,15,130902,00,00,
,,15,131000,00,00,
,,15,131001,00,00,
SUGPEVEMV-,SUGPEVEMV-*****,15,131002,00,00,
SUGPEVEML-,SUGPEVEML-*****,15,131003,00,00,
SUGPEVED--,SUGPEVED--*****,15,131100,00,00,
SUGPEVEDA-,SUGPEVEDA-*****,15,131101,00,00,
SUGPEVES--,SUGPEVES--*****,15,131200,00,00,
SUGPEVER--,SUGPEVER--*****,15,131300,00,00,
SUGPEVEH--,SUGPEVEH--*****,15,131400,00,00,
SUGPEVEC--,SUGPEVEC--*****,15,131500,00,00,
SUGPEVEF--,SUGPEVEF--*****,15,131600,00,00,
,,15,140000,00,00,
SUGPEVU---,SUGPEVU---*****,15,140100,00,00,
,,15,140200,00,00,
SUGPEVUA--,SUGPEVUA--*****,15,140300,00,00,
,,15,140400,00,00,
SUGPEVUB--,SUGPEVUB--*****,15,140500,00,00,
SUGPEVUS--,SUGPEVUS--*****,15,140600,00,00,
SUGPEVUSL-,SUGPEVUSL-*****,15,140601,00,00,
SUGPEVUSM-,SUGPEVUSM-*****,15,140602,00,00,
SUGPEVUSH-,SUGPEVUSH-*****,15,140603,00,00,
SUGPEVUL--,SUGPEVUL--*****,15,140700,00,00,
SUGPEVUX--,SUGPEVUX--*****,15,140800,00,00,
,,15,140900,00,00,
,,15,141000,00,00,
SUGPEVUR--,SUGPEVUR--*****,15,141100,00,00,
SUGPEVUT--,SUGPEVUT--*****,15,141200,00,00,
SUGPEVUTL-,SUGPEVUTL-*****,15,141201,00,00,
SUGPEVUTH-,SUGPEVUTH-*****,15,141202,00,00,
,,15,150000,00,00,
SUGPEVT---,SUGPEVT---*****,15,150100,00,00,
,,15,150200,00,00,
,,15,160000,00,00,
SUGPEVCA--,SUGPEVCA--*****,15,160100,00,00,
SUGPEVCAL-,SUGPEVCAL-*****,15,160101,00,00,
SUGPEVCAM-,SUGPEVCAM-*****,15,160102,00,00,
SUGPEVCAH-,SUGPEVCAH-*****,15,160103,00,00,
SUGPEVCO--,SUGPEVCO--*****,15,160200,00,00,
SUGPEVCOL-,SUGPEVCOL-*****,15,160201,00,00,
SUGPEVCOM-,SUGPEVCOM-*****,15,160202,00,00,
SUGPEVCOH-,SUGPEVCOH-*****,15,160203,00,00,
SUGPEVCM--,SUGPEVCM--*****,15,160300,00,00,
SUGPEVCML-,SUGPEVCML-*****,15,160301,00,00,
SUGPEVCMM-,SUGPEVCMM-*****,15,160302,00,00,
SUGPEVCMH-,SUGPEVCMH-*****,15,160303,00,00,
SUGPEVCU--,SUGPEVCU--*****,15,160400,00,00,
SUGPEVCUL-,SUGPEVCUL-*****,15,160401,00,00,
SUGPEVCUM-,SUGPEVCUM-*****,15,160402,00,00,
SUGPEVCUH-,SUGPEVCUH-*****,15,160403,00,00,
SUGPEVCJ--,SUGPEVCJ--*****,15,160500,00,00,
SUGPEVCJL-,SUGPEVCJL-*****,15,160501,00,00,
SUGPEVCJM-,SUGPEVCJM-*****,15,160502,00,00,
SUGPEVCJH-,SUGPEVCJH-*****,15,160503,00,00,
SUGPEVCT--,SUGPEVCT--*****,15,160600,00,00,
SUGPEVCTL-,SUGPEVCTL-*****,15,160601,00,00,
SUGPEVCTM-,SUGPEVCTM-*****,15,160602,00,00,
SUGPEVCTH-,SUGPEVCTH-*****,15,160603,00,00,
SUGPEVCF--,SUGPEVCF--*****,15,160700,00,00,
SUGPEVCFL-,SUGPEVCFL-*****,15,160701,00,00,
SUGPEVCFM-,SUGPEVCFM-*****,15,160702,00,00,
SUGPEVCFH-,SUGPEVCFH-*****,15,160703,00,00,
OUIPI-----,OUIPI-----*****,15,160800,00,00,
OUIPD-----,OUIPD-----*****,15,160900,00,00,
EUOPDB----,EUOPDB----*****,15,170000,00,00,
EFOPDDB---,EFOPDDB---*****,15,170100,00,00,
EUOPDEB---,EUOPDEB---*****,15,170200,00,00,
EUOPDFB---,EUOPDFB---*****,15,170300,00,00,
EFOPDGB---,EFOPDGB---*****,15,170400,00,00,
,,15,170500,00,00,
,,15,170600,00,00,
,,15,170700,00,00,
,,15,170800,00,00,
,,15,170900,00,00,
,,15,171000,00,00,
,,15,171100,00,00,
SUGPEVM---,SUGPEVM---*****,15,180000,00,00,
SUGPEVS---,SUGPEVS---*****,15,190000,00,00,
SUGPEVST--,SUGPEVST--*****,15,190100,00,00,
SUGPEVSR--,SUGPEVSR--*****,15,190200,00,00,
SUGPEVSC--,SUGPEVSC--*****,15,190300,00,00,
SUGPEVSP--,SUGPEVSP--*****,15,190400,00,00,
SUGPEVSW--,SUGPEVSW--*****,15,190500,00,00,
,,15,200000,00,00,
,,15,200100,00,00,
,,15,200200,00,00,
,,15,200300,00,00,
SUGPEXN---,SUGPEXN---*****,15,200400,00,00,
,,15,200500,00,00,
,,15,200600,00,00,
,,15,200700,00,00,
,,15,200800,00,00,
,,15,200900,00,00,
SUGPEXL---,SUGPEXL---*****,15,201000,00,00,
,,15,201100,00,00,
,,15,201200,00,00,
,,15,201300,00,00,
,,15,201400,00,00,
EUOPAB----,EUOPAB----*****,15,201500,00,00,
EUOPAF----,EUOPAF----*****,15,201501,00,00,
,,15,210000,00,00,
SUGPEXM---,SUGPEXM---*****,15,210100,00,00,
SUGPEXMC--,SUGPEXMC--*****,15,210200,00,00,
,,15,210300,00,00,
SUGPEXI---,SUGPEXI---*****,15,210400,00,00,
SUGPEXML--,SUGPEXML--*****,15,210500,00,00,
,,15,220000,00,00,
SUGPES----,SUGPES----*****,15,220100,00,00,
EUOPEA----,EUOPEA----*****,15,220100,01,00,
EUOPEB----,EUOPEB----*****,15,220100,02,00,
EUOPEC----,EUOPEC----*****,15,220100,04,00,
EUOPED----,EUOPED----*****,15,220100,05,00,
EUOPEE----,EUOPEE----*****,15,220100,06,00,
SUGPESE---,SUGPESE---*****,15,220200,00,00,
SUGPESR---,SUGPESR---*****,15,220300,00,00,
EUOPBB----,EUOPBB----*****,15,230000,00,00,
EUOPAE----,EUOPAE----*****,15,171200,00,00,
EUOPCB----,EUOPCB----*****,15,171300,00,00,
,,15,240000,00,00,
,,20,110000,00,00,
SUGPIMA---,SUGPIMA---H****,20,110100,00,00,
SUGPIME---,SUGPIME---H****,20,110200,00,00,
,,20,110300,00,00,
SUGPIMG---,SUGPIMG---H****,20,110400,00,00,
OULPB-----,OULPB-----*****,20,110500,00,00,
SUGPIRN---,SUGPIRN---H****,20,110600,00,00,
SUGPIRNB--,SUGPIRNB--H****,20,110600,01,00,
SUGPIRNC--,SUGPIRNC--H****,20,110600,02,00,
SUGPIRNN--,SUGPIRNN--H****,20,110600,03,00,
SUGPIPD---,SUGPIPD---H****,20,110600,04,00,
SUGPIMC---,SUGPIMC---H****,20,110600,00,01,
SUGPIMC---,SUGPIMC---H****,20,110600,00,02,
,,20,110600,00,03,
,,20,110600,00,04,
SUGPIMN---,SUGPIMN---H****,20,110700,00,00,
SUGPIMNB--,SUGPIMNB--H****,20,110701,00,00,
SUGPIE----,SUGPIE----H****,20,110800,00,00,
SUGPIG----,SUGPIG----H****,20,110900,00,00,
OULPG-----,OULPG-----*****,20,111000,00,00,
OULPM-----,OULPM-----*****,20,111100,00,00,
,,20,111200,00,00,
SUGPIRM---,SUGPIRM---H****,20,111300,00,00,
SUGPIMM---,SUGPIMM---H****,20,111400,00,00,
SUGPIMF---,SUGPIMF---H****,20,111500,00,00,
SUGPIMFA--,SUGPIMFA--H****,20,111500,00,05,
SUGPIMFP--,SUGPIMFP--H****,20,111500,00,06,
SUGPIMFS--,SUGPIMFS--H****,20,111500,00,07,
SUGPIMFPW-,SUGPIMFPW-H****,20,111500,00,08,
,,20,111600,00,00,
OUIPS-----,OUIPS-----*****,20,111700,00,00,
OULPW-----,OULPW-----*****,20,111800,00,00,
,,20,111900,00,00,
,,20,111901,00,00,
,,20,111902,00,00,
,,20,112000,00,00,
EUOPDC----,EUOPDC----H****,20,112100,00,00,
EFOPDDC---,EFOPDDC---H****,20,112101,00,00,
EUOPDEC---,EUOPDEC---H****,20,112102,00,00,
EUOPDFC---,EUOPDFC---H****,20,112103,00,00,
,,20,112104,00,00,
,,20,112105,00,00,
,,20,112106,00,00,
,,20,112107,00,00,
,,20,112108,00,00,
,,20,112109,00,00,
,,20,112110,00,00,
EUOPDNC---,EUOPDNC---H****,20,112111,00,00,
EFOPDOC---,EFOPDOC---H****,20,112112,00,00,
EUOPBC----,EUOPBC----H****,20,112200,00,00,
EUOPCE----,EUOPCE----H****,20,112201,00,00,
EUOPAC----,EUOPAC----H****,20,112202,00,00,
,,20,120000,00,00,
EUFPA-----,EUFPA-----H****,20,120100,00,00,
EUFPAA----,EUFPAA----H****,20,120101,00,00,
EUFPAB----,EUFPAB----H****,20,120102,00,00,
EUFPAC----,EUFPAC----H****,20,120103,00,00,
EUFPAD----,EUFPAD----H****,20,120104,00,00,
EUOPBL----,EUOPBL----H****,20,120105,00,00,
EUFPAE----,EUFPAE----H****,20,120106,00,00,
EUFPAF----,EUFPAF----H****,20,120107,00,00,
EUFPAG----,EUFPAG----H****,20,120108,00,00,
EUFPB-----,EUFPB-----H****,20,120200,00,00,
EUFPBA----,EUFPBA----*****,20,120201,00,00,
EUFPBB----,EUFPBB----H****,20,120202,00,00,
EUFPBC----,EUFPBC----H****,20,120203,00,00,
,,20,120204,00,00,
EUFPBD----,EUFPBD----H****,20,120205,00,00,
EUFPBE----,EUFPBE----H****,20,120206,00,00,
EUFPBF----,EUFPBF----H****,20,120207,00,00,
EUFPC-----,EUFPC-----H****,20,120300,00,00,
EUFPCA----,EUFPCA----H****,20,120301,00,00,
EUFPCB----,EUFPCB----H****,20,120302,00,00,
EUFPCC----,EUFPCC----H****,20,120303,00,00,
EUFPCD----,EUFPCD----H****,20,120304,00,00,
EUFPCE----,EUFPCE----H****,20,120305,00,00,
EUFPCF----,EUFPCF----H****,20,120306,00,00,
EUFPCG----,EUFPCG----H****,20,120307,00,00,
EUFPCH----,EUFPCH----H****,20,120308,00,00,
EUFPCI----,EUFPCI----H****,20,120309,00,00,
EUFPCJ----,EUFPCJ----H****,20,120310,00,00,
EUFPD-----,EUFPD-----H****,20,120400,00,00,
EUFPDA----,EUFPDA----H****,20,120401,00,00,
EUFPDB----,EUFPDB----H****,20,120402,00,00,
SUGPIUE---,SUGPIUE---H****,20,120500,00,00,
,,20,120501,00,00,
,,20,120501,07,00,
SUGPIUEN--,SUGPIUEN--H****,20,120501,03,00,
EUFPEA----,EUFPEA----H****,20,120502,,,
EUFPEB----,EUFPEB----H****,20,120503,,,
,,20,120504,,,
SUGPIRP---,SUGPIRP---H****,20,120505,,,
EUFPEE----,EUFPEE----H****,20,120506,,,
EUFPF-----,EUFPF-----H****,20,120600,,,
,,20,120700,,,
SUGPIX----,SUGPIX----H****,20,120701,,,
SUGPIXH---,SUGPIXH---H****,20,120702,,,
EUFPG-----,EUFPG-----H****,20,120800,,,
EUFPGA----,EUFPGA----H****,20,120801,,,
SUGPIB----,SUGPIB----H****,20,120802,,,
EUFPH-----,EUFPH-----H****,20,120900,,,
EUFPHA----,EUFPHA----H****,20,120901,,,
EUFPHB----,EUFPHB----H****,20,120902,,,
EUFPI-----,EUFPI-----H****,20,121000,,,
EUFPIA----,EUFPIA----H****,20,121001,,,
EUFPIB----,EUFPIB----H****,20,121002,,,
EUFPIC----,EUFPIC----H****,20,121003,,,
EUFPID----,EUFPID----H****,20,121004,,,
EUFPJ-----,EUFPJ-----H****,20,121100,,,
EUFPJA----,EUFPJA----H****,20,121101,,,
EUFPJB----,EUFPJB----H****,20,121102,,,
EUFPJC----,EUFPJC----H****,20,121103,,,
EUFPK-----,EUFPK-----H****,20,121200,,,
,,20,121201,,,
,,20,121202,,,
EUFPKB----,EUFPKB----H****,20,121203,,,
SUGPIT----,SUGPIT----H****,20,121300,,,
SUGPIBA---,SUGPIBA---H****,20,121301,,,
EUFPLA----,EUFPLA----H****,20,121302,,,
EUFPLD----,EUFPLD----H****,20,121303,,,
EUFPLE----,EUFPLE----H****,20,121304,,,
EUFPLF----,EUFPLF----H****,20,121305,,,
EUFPLH----,EUFPLH----H****,20,121306,,,
EUFPLJ----,EUFPLJ----H****,20,121307,,,
EUFPLK----,EUFPLK----H****,20,121308,,,
SUGPIBN---,SUGPIBN---H****,20,121309,,,
SUGPIMS---,SUGPIMS---H****,20,121310,,,
EUFPLM----,EUFPLM----H****,20,121311,,,
EUFPLO----,EUFPLO----H****,20,121312,,,
EUFPLP----,EUFPLP----H****,20,121313,,,
,,20,121400,,,
EUFPMA----,EUFPMA----*****,20,121401,,,
EUFPMB----,EUFPMB----H****,20,121402,,,
EUFPMC----,EUFPMC----*****,20,121403,,,
EUFPMD----,EUFPMD----H****,20,121404,,,
EUFPME----,EUFPME----H****,20,121405,,,
EUFPMF----,EUFPMF----H****,20,121406,,,
EUFPMG----,EUFPMG----H****,20,121407,,,
EUFPMH----,EUFPMH----H****,20,121408,,,
EUFPMI----,EUFPMI----H****,20,121409,,,
SUGPIUP---,SUGPIUP---H****,20,121410,,,
,,20,121411,,,
,,25,110000,,,
G*GPGLL---,G*GPGLL---****X,25,110200,,,
,,25,120000,,,
G*GPSAO---,G*GPSAO---****X,25,120100,,,
G*GPSAN---,G*GPSAN---****X,25,120200,,,
G*GPSAT---,G*GPSAT---****X,25,120300,,,
G*GPGAZ---,G*GPGAZ---****X,25,120400,,,
,,25,130000,,,
G*GPGPP---,G*GPGPP---****X,25,130100,,,
G*GPGPPA--,G*GPGPPA--****X,25,130200,,,
G*GPGPPK--,G*GPGPPK--****X,25,130300,,,
,,25,130400,,,
G*GPGPPC--,G*GPGPPC--****X,25,130500,,,
G*GPGPPO--,G*GPGPPO--****X,25,130600,,,
G*GPGPPD--,G*GPGPPD--****X,25,130700,,,
,,25,130800,,,
,,25,130900,,,
,,25,131000,,,
,,25,131001,,,
,,25,131002,,,
,,25,131003,,,
G*GPGPPL--,G*GPGPPL--****X,25,131100,,,
G*GPGPPP--,G*GPGPPP--****X,25,131200,,,
G*GPGPRI--,G*GPGPRI--****X,25,131300,,,
,,25,131301,,,
G*GPGPPR--,G*GPGPPR--****X,25,131400,,,
G*GPGPPE--,G*GPGPPE--****X,25,131500,,,
G*GPGPPS--,G*GPGPPS--****X,25,131600,,,
,,25,131700,,,
G*GPGPPW--,G*GPGPPW--****X,25,131800,,,
,,25,131900,,,
,,25,140000,,,
,,25,140100,,,
G*GPGLF---,G*GPGLF---****X,25,140101,,,
,,25,140102,,,
,,25,140103,,,
,,25,140104,,,
G*GPGLC---,G*GPGLC---****X,25,140200,,,
G*GPGLP---,G*GPGLP---****X,25,140300,,,
G*GPDLF---,G*GPDLF---****X,25,140400,,,
,,25,140401,,,
G*GPDLP---,G*GPDLP---****X,25,140500,,,
,,25,140600,,,
G*GPOLKA--,G*GPOLKA--****X,25,140601,,,
G*GPOLKGM-,G*GPOLKGM-****X,25,140602,,,
G*GPOLKGS-,G*GPOLKGS-****X,25,140603,,,
,,25,140604,,,
G*GPPF----,G*GPPF----****X,25,140605,,,
,,25,140606,,,
,,25,140607,,,
G*GPOLF---,G*GPOLF---****X,25,140700,,,
G*GPOLI---,G*GPOLI---****X,25,140800,,,
G*GPOLL---,G*GPOLL---****X,25,140900,,,
G*GPOLT---,G*GPOLT---****X,25,141000,,,
G*GPOLC---,G*GPOLC---****X,25,141100,,,
G*GPOLP---,G*GPOLP---****X,25,141200,,,
G*GPSAA---,G*GPSAA---****X,25,141300,,,
G*GPSLB---,G*GPSLB---****X,25,141400,,,
G*GPSLH---,G*GPSLH---****X,25,141500,,,
G*GPSLR---,G*GPSLR---****X,25,141600,,,
G*GPSLA---,G*GPSLA---****X,25,141700,,,
,,25,150000,,,
,,25,150100,,,
,,25,150101,,,
,,25,150102,,,
,,25,150103,,,
,,25,150104,,,
G*GPGAA---,G*GPGAA---****X,25,150200,,,
,,25,150300,,,
,,25,150301,,,
,,25,150302,,,
,,25,150400,,,
,,25,150500,,,
,,25,150501,,,
,,25,150502,,,
,,25,150503,,,
G*GPGAD---,G*GPGAD---****X,25,150600,,,
G*GPGAX---,G*GPGAX---****X,25,150700,,,
G*GPGAL---,G*GPGAL---****X,25,150800,,,
G*GPGAP---,G*GPGAP---****X,25,150900,,,
G*GPGAF---,G*GPGAF---****X,25,151000,,,
G*GPGAY---,G*GPGAY---****X,25,151100,,,
G*GPDAB---,G*GPDAB---****X,25,151200,,,
GFGADAB---,GFGADAB---****X,25,151201,,,
G*GPDABP--,G*GPDABP--****X,25,151202,,,
G*MPSP----,G*MPSP----****X,25,151203,,,
G*TPJ-----,G*TPJ-----****X,25,151204,,,
G*TPQ-----,G*TPQ-----****X,25,151205,,,
G*GPGAE---,G*GPGAE---****X,25,151300,,,
G*GPOLAV--,G*GPOLAV--****X,25,151400,,,
G*GPOLAA--,G*GPOLAA--****X,25,151401,,,
G*GPOLAR--,G*GPOLAR--****X,25,151402,,,
G*GPOLAGM-,G*GPOLAGM-****X,25,151403,,,
G*GPOLAGS-,G*GPOLAGS-****X,25,151404,,,
,,25,151405,,,
G*GPPA----,G*GPPA----****X,25,151406,,,
,,25,151407,,,
,,25,151408,,,
G*GPOAA---,G*GPOAA---****X,25,151500,,,
G*GPOAK---,G*GPOAK---****X,25,151600,,,
G*GPOAO---,G*GPOAO---****X,25,151700,,,
G*GPSAE---,G*GPSAE---****X,25,151800,,,
G*GPSAE---,GFGPSAE---****X,25,151801,,,
G*GPSAE---,GHGPSAE---****X,25,151802,,,
G*GPOAP---,G*GPOAP---****X,25,151900,,,
G*GPOAF---,G*GPOAF---****X,25,152000,,,
G*GPOAS---,G*GPOAS---****X,25,152100,,,
G*GPGAS---,G*GPGAS---****X,25,152200,,,
,,25,160000,,,
G*GPDPO---,G*GPDPO---****X,25,160100,,,
,,25,160200,,,
G*GPDPOR--,G*GPDPOR--****X,25,160201,,,
G*GPDPOF--,G*GPDPOF--****X,25,160202,,,
G*GPDPON--,G*GPDPON--****X,25,160203,,,
G*GPDPOS--,G*GPDPOS--****X,25,160204,,,
G*GPDPOC--,G*GPDPOC--****X,25,160205,,,
G*GPDPT---,G*GPDPT---****X,25,160300,,,
G*GPOPP---,G*GPOPP---****X,25,160400,,,
G*GPGPA---,G*GPGPA---****X,25,160500,,,
,,25,170000,,,
G*GPALC---,G*GPALC---****X,25,170100,,,
,,25,170101,,,
G*GPALL---,G*GPALL---****X,25,170200,,,
G*GPALM---,G*GPALM---****X,25,170300,,,
,,25,170400,,,
G*GPALS---,G*GPALS---****X,25,170500,,,
,,25,170600,,,
G*GPALU---,G*GPALU---****X,25,170700,,,
,,25,170800,,,
G*GPAAH---,G*GPAAH---****X,25,170900,,,
G*GPAAR---,G*GPAAR---****X,25,171000,,,
,,25,171100,,,
,,25,171200,,,
,,25,171300,,,
,,25,171400,,,
,,25,171500,,,
G*GPAAM---,G*GPAAM---****X,25,171600,,,
G*GPAAML--,G*GPAAML--****X,25,171700,,,
G*GPAAMH--,G*GPAAMH--****X,25,171800,,,
G*GPAAF---,G*GPAAF---****X,25,171900,,,
G*GPAAW---,G*GPAAW---****X,25,172000,,,
G*GPGPA---,G*GPGPA---****X,25,180000,,,
G*GPAPP---,G*GPAPP---****X,25,180100,,,
G*GPAPC---,G*GPAPC---****X,25,180200,,,
G*GPAPD---,G*GPAPD---****X,25,180300,,,
G*GPAPU---,G*GPAPU---****X,25,180400,,,
,,25,180500,,,
G*GPGPAT--,G*GPGPAT--****X,25,180600,,,
G*GPGPAP--,G*GPGPAP--****X,25,180700,,,
G*GPGPAW--,G*GPGPAW--****X,25,180800,,,
G*GPGPAA--,G*GPGPAA--****X,25,180900,,,
G*GPGPAS--,G*GPGPAS--****X,25,181000,,,
G*GPGPAL--,G*GPGPAL--****X,25,181100,,,
G*GPGPAK--,G*GPGPAK--****X,25,181200,,,
G*GPGPAH--,G*GPGPAH--****X,25,181300,,,
G*GPGPAB--,G*GPGPAB--****X,25,181400,,,
G*GPGPAC--,G*GPGPAC--****X,25,181500,,,
G*GPGPAD--,G*GPGPAD--****X,25,181600,,,
G*GPGPAE--,G*GPGPAE--****X,25,181700,,,
G*GPGPAO--,G*GPGPAO--****X,25,181800,,,
G*GPGPAR--,G*GPGPAR--****X,25,181900,,,
G*GPGPAF--,G*GPGPAF--****X,25,182000,,,
G*GPGPAG--,G*GPGPAG--****X,25,182100,,,
G*GPGPAI--,G*GPGPAI--****X,25,182200,,,
G*GPGPAJ--,G*GPGPAJ--****X,25,182300,,,
G*GPGPAM--,G*GPGPAM--****X,25,182400,,,
G*GPGPAN--,G*GPGPAN--****X,25,182500,,,
,,25,190000,,,
,,25,190100,,,
,,25,190200,,,
,,25,200000,,,
,,25,200100,,,
,,25,200101,,,
,,25,200200,,,
,,25,200201,,,
,,25,200202,,,
,,25,200300,,,
,,25,200400,,,
,,25,200401,,,
,,25,200402,,,
,,25,200500,,,
,,25,200600,,,
,,25,200700,,,
,,25,210000,,,
,,25,210100,,,
G*GPGPWA--,G*GPGPWA--****X,25,210200,,,
,,25,210300,,,
G*GPGPWD--,G*GPGPWD--****X,25,210400,,,
G*GPGPWE--,G*GPGPWE--****X,25,210500,,,
,,25,210600,,,
G*GPGPWG--,G*GPGPWG--****X,25,210700,,,
G*GPGPWI--,G*GPGPWI--****X,25,210800,,,
G*GPGPWP--,G*GPGPWP--****X,25,210900,,,
,,25,211000,,,
G*GPGPWM--,G*GPGPWM--****X,25,211100,,,
,,25,211200,,,
,,25,211300,,,
G*GPGPUUB-,G*GPGPUUB-****X,25,211400,,,
G*GPGPUUD-,G*GPGPUUD-****X,25,211500,,,
,,25,211600,,,
,,25,211700,,,
,,25,211800,,,
,,25,211900,,,
G*GPGPUUL-,G*GPGPUUL-****X,25,212000,,,
G*GPGPUUS-,G*GPGPUUS-****X,25,212100,,,
,,25,212200,,,
G*OPFA----,G*OPFA----****X,25,212300,,,
G*OPFE----,G*OPFE----****X,25,212400,,,
,,25,212500,,,
G*OPFO----,G*OPFO----****X,25,212600,,,
G*GPGPF---,G*GPGPF---****X,25,212700,,,
G*GPGPH---,G*GPGPH---****X,25,212800,,,
,,25,212900,,,
G*GPGPHA--,G*GPGPHA--****X,25,212901,,,
G*GPGPHQ--,G*GPGPHQ--****X,25,212902,,,
G*GPGPHX--,G*GPGPHX--****X,25,212903,,,
G*GPGPHY--,G*GPGPHY--****X,25,212904,,,
G*GPGPUSD-,G*GPGPUSD-****X,25,213000,,,
G*GPGPUS--,G*GPGPUS--****X,25,213100,,,
G*GPGPUSA-,G*GPGPUSA-****X,25,213200,,,
G*GPGPUSC-,G*GPGPUSC-****X,25,213300,,,
,,25,213400,,,
G*GPGPUY--,G*GPGPUY--****X,25,213500,,,
G*GPGPUYA-,G*GPGPUYA-****X,25,213501,,,
G*GPGPUYT-,G*GPGPUYT-****X,25,213502,,,
,,25,213503,,,
G*GPGPUYB-,G*GPGPUYB-****X,25,213504,,,
,,25,213505,,,
G*GPGPUYC-,G*GPGPUYC-****X,25,213506,,,
G*GPGPUYD-,G*GPGPUYD-****X,25,213507,,,
G*GPGPUYS-,G*GPGPUYS-****X,25,213508,,,
,,25,213509,,,
G*GPGPUYX-,G*GPGPUYX-****X,25,213510,,,
G*GPGPUYK-,G*GPGPUYK-****X,25,213511,,,
G*GPGPUYL-,G*GPGPUYL-****X,25,213512,,,
G*GPGPUYP-,G*GPGPUYP-****X,25,213513,,,
G*GPGPUYR-,G*GPGPUYR-****X,25,213514,,,
G*GPGPUYV-,G*GPGPUYV-****X,25,213515,,,
G*GPGPR---,G*GPGPR---****X,25,213600,,,
G*GPGPRS--,G*GPGPRS--****X,25,213700,,,
G*GPGPRN--,G*GPGPRN--****X,25,213800,,,
G*GPGPRD--,G*GPGPRD--****X,25,213900,,,
,,25,214000,,,
,,25,214100,,,
G*GPGPRC--,G*GPGPRC--****X,25,214200,,,
,,25,214300,,,
G*GPGPRM--,G*GPGPRM--****X,25,214400,,,
G*GPGPRP--,G*GPGPRP--****X,25,214500,,,
,,25,214600,,,
,,25,214700,,,
G*GPGPRW--,G*GPGPRW--****X,25,214800,,,
G*GPGPB---,G*GPGPB---****X,25,214900,,,
G*GPGPBS--,G*GPGPBS--****X,25,215000,,,
G*GPGPBSA-,G*GPGPBSA-****X,25,215100,,,
G*GPGPBU--,G*GPGPBU--****X,25,215200,,,
G*GPGPBUA-,G*GPGPBUA-****X,25,215300,,,
G*GPGPBUM-,G*GPGPBUM-****X,25,215400,,,
G*GPGPBUS-,G*GPGPBUS-****X,25,215500,,,
G*GPGPC---,G*GPGPC---****X,25,215600,,,
G*GPGPCA--,G*GPGPCA--****X,25,215700,,,
G*GPGPCM--,G*GPGPCM--****X,25,215800,,,
G*GPGPCN--,G*GPGPCN--****X,25,215900,,,
G*GPGPCP--,G*GPGPCP--****X,25,216000,,,
G*GPGPCR--,G*GPGPCR--****X,25,216100,,,
G*GPGPCE--,G*GPGPCE--****X,25,216200,,,
G*GPGPCC--,G*GPGPCC--****X,25,216300,,,
G*GPGPCS--,G*GPGPCS--****X,25,216400,,,
G*GPGPCU--,G*GPGPCU--****X,25,216500,,,
G*GPGPCUA-,G*GPGPCUA-****X,25,216600,,,
G*GPGPCUM-,G*GPGPCUM-****X,25,216700,,,
G*GPGPCUR-,G*GPGPCUR-****X,25,216800,,,
G*GPGPCUS-,G*GPGPCUS-****X,25,216900,,,
,,25,217000,,,
G*GPGPO---,G*GPGPO---****X,25,217100,,,
G*GPGPOD--,G*GPGPOD--****X,25,217200,,,
G*GPGPOP--,G*GPGPOP--****X,25,217300,,,
,,25,217400,,,
G*GPGPOR--,G*GPGPOR--****X,25,217500,,,
G*GPGPOZ--,G*GPGPOZ--****X,25,217600,,,
G*GPGPOW--,G*GPGPOW--****X,25,217700,,,
,,25,217800,,,
,,25,217900,,,
G*OPEV----,G*OPEV----****X,25,218000,,,
G*OPED----,G*OPED----****X,25,218100,,,
G*OPEP----,G*OPEP----****X,25,218200,,,
G*OPHI----,G*OPHI----****X,25,218300,,,
G*OPHN----,G*OPHN----****X,25,218400,,,
G*OPHO----,G*OPHO----****X,25,218500,,,
G*OPHM----,G*OPHM----****X,25,218600,,,
G*OPSBN---,G*OPSBN---****X,25,218700,,,
G*OPSBM---,G*OPSBM---****X,25,218800,,,
G*OPSM----,G*OPSM----****X,25,218900,,,
G*OPSS----,G*OPSS----****X,25,219000,,,
G*OPSBX---,G*OPSBX---****X,25,219100,,,
G*OPSBW---,G*OPSBW---****X,25,219200,,,
,,25,220000,,,
G*OPB-----,G*OPB-----****X,25,220100,,,
G*OPBE----,G*OPBE----****X,25,220101,,,
,,25,220102,,,
G*OPBA----,G*OPBA----****X,25,220103,,,
,,25,220104,,,
G*OPBT----,G*OPBT----****X,25,220105,,,
G*OPBO----,G*OPBO----****X,25,220106,,,
,,25,220107,,,
,,25,220108,,,
,,25,230000,,,
G*GPPD----,G*GPPD----****X,25,230100,,,
,,25,230200,,,
,,25,240000,,,
,,25,240100,,,
G*FPACAI--,G*FPACAI--****X,25,240101,,,
G*FPACAR--,G*FPACAR--****X,25,240102,,,
G*FPACAC--,G*FPACAC--****X,25,240103,,,
,,25,240200,,,
G*FPACFI--,G*FPACFI--****X,25,240201,,,
G*FPACFR--,G*FPACFR--****X,25,240202,,,
G*FPACFC--,G*FPACFC--****X,25,240203,,,
,,25,240300,,,
G*FPACNI--,G*FPACNI--****X,25,240301,,,
G*FPACNR--,G*FPACNR--****X,25,240302,,,
G*FPACNC--,G*FPACNC--****X,25,240303,,,
,,25,240400,,,
G*FPACRI--,G*FPACRI--****X,25,240401,,,
G*FPACRR--,G*FPACRR--****X,25,240402,,,
G*FPACRC--,G*FPACRC--****X,25,240403,,,
,,25,240500,,,
G*FPACPR--,G*FPACPR--****X,25,240501,,,
G*FPACPC--,G*FPACPC--****X,25,240502,,,
,,25,240600,,,
G*FPPTS---,G*FPPTS---****X,25,240601,,,
G*FPPTN---,G*FPPTN---****X,25,240602,,,
,,25,240603,,,
,,25,240700,,,
G*FPLT----,G*FPLT----****X,25,240701,,,
G*FPLTS---,G*FPLTS---****X,25,240702,,,
G*FPLTF---,G*FPLTF---****X,25,240703,,,
,,25,240800,,,
G*FPAT----,G*FPAT----****X,25,240801,,,
G*FPATR---,G*FPATR---****X,25,240802,,,
G*FPATC---,G*FPATC---****X,25,240803,,,
,,25,240804,,,
G*FPATG---,G*FPATG---****X,25,240805,,,
G*FPATS---,G*FPATS---****X,25,240806,,,
,,25,240807,,,
G*FPATB---,G*FPATB---****X,25,240808,,,
G*FPPCF---,G*FPPCF---****X,25,240900,,,
,,25,241000,,,
G*FPACSI--,G*FPACSI--****X,25,241001,,,
G*FPACSR--,G*FPACSR--****X,25,241002,,,
G*FPACSC--,G*FPACSC--****X,25,241003,,,
,,25,241100,,,
G*FPAZII--,G*FPAZII--****X,25,241101,,,
G*FPAZIR--,G*FPAZIR--****X,25,241102,,,
,,25,241103,,,
,,25,241200,,,
G*FPAZXI--,G*FPAZXI--****X,25,241201,,,
G*FPAZXR--,G*FPAZXR--****X,25,241202,,,
,,25,241203,,,
,,25,241300,,,
G*FPAZCI--,G*FPAZCI--****X,25,241301,,,
G*FPAZCR--,G*FPAZCR--****X,25,241302,,,
,,25,241303,,,
,,25,241400,,,
G*FPAZFI--,G*FPAZFI--****X,25,241401,,,
G*FPAZFR--,G*FPAZFR--****X,25,241402,,,
,,25,241403,,,
,,25,241500,,,
G*FPACDI--,G*FPACDI--****X,25,241501,,,
G*FPACDR--,G*FPACDR--****X,25,241502,,,
G*FPACDC--,G*FPACDC--****X,25,241503,,,
,,25,241600,,,
G*FPACEI--,G*FPACEI--****X,25,241601,,,
G*FPACER--,G*FPACER--****X,25,241602,,,
G*FPACEC--,G*FPACEC--****X,25,241603,,,
,,25,241700,,,
G*FPACBI--,G*FPACBI--****X,25,241701,,,
G*FPACBR--,G*FPACBR--****X,25,241702,,,
G*FPACBC--,G*FPACBC--****X,25,241703,,,
,,25,241800,,,
G*FPACVI--,G*FPACVI--****X,25,241801,,,
G*FPACVR--,G*FPACVR--****X,25,241802,,,
G*FPACVC--,G*FPACVC--****X,25,241803,,,
,,25,241900,,,
G*FPACZI--,G*FPACZI--****X,25,241901,,,
G*FPACZR--,G*FPACZR--****X,25,241902,,,
G*FPACZC--,G*FPACZC--****X,25,241903,,,
G*FPACT---,G*FPACT---****X,25,242000,,,
G*FPAXC---,G*FPAXC---****X,25,242100,,,
G*FPAXS---,G*FPAXS---****X,25,242200,,,
,,25,242300,,,
G*FPAKBI--,G*FPAKBI--****X,25,242301,,,
G*FPAKBR--,G*FPAKBR--****X,25,242302,,,
G*FPAKBC--,G*FPAKBC--****X,25,242303,,,
G*FPAKPI--,G*FPAKPI--****X,25,242304,,,
G*FPAKPR--,G*FPAKPR--****X,25,242305,,,
G*FPAKPC--,G*FPAKPC--****X,25,242306,,,
,,25,250000,,,
G*FPPCB---,G*FPPCB---****X,25,250100,,,
G*FPPCH---,G*FPPCH---****X,25,250200,,,
G*FPPCL---,G*FPPCL---****X,25,250300,,,
G*FPPCR---,G*FPPCR---****X,25,250400,,,
G*FPPCS---,G*FPPCS---****X,25,250500,,,
,,25,260000,,,
G*FPLCF---,G*FPLCF---****X,25,260100,,,
G*FPLCC---,G*FPLCC---****X,25,260200,,,
G*FPLCN---,G*FPLCN---****X,25,260300,,,
G*FPLCR---,G*FPLCR---****X,25,260400,,,
,,25,260500,,,
G*FPLCM---,G*FPLCM---****X,25,260600,,,
,,25,270000,,,
G*MPOGB---,G*MPOGB---****X,25,270100,,,
G*MPOGZ---,G*MPOGZ---****X,25,270200,,,
G*MPOGF---,G*MPOGF---****X,25,270300,,,
G*MPOGR---,G*MPOGR---****X,25,270400,,,
,,25,270500,,,
G*MPOEB---,G*MPOEB---****X,25,270501,,,
G*MPOED---,G*MPOED---****X,25,270502,,,
G*MPOEF---,G*MPOEF---****X,25,270503,,,
G*MPOET---,G*MPOET---****X,25,270504,,,
,,25,270600,,,
G*MPBDE---,G*MPBDE---****X,25,270601,,,
G*MPBDD---,G*MPBDD---****X,25,270602,,,
G*MPBDI---,G*MPBDI---****X,25,270603,,,
G*MPOFS---,G*MPOFS---****X,25,270700,,,
GFMPOFS---,GFMPOFS---****X,25,270701,,,
GFMAOFS---,GFMAOFS---****X,25,270702,,,
GHMPOFS---,GHMPOFS---****X,25,270703,,,
GHMAOFS---,GHMAOFS---****X,25,270704,,,
G*GPPN----,G*GPPN----****X,25,270705,,,
G*GPPC----,G*GPPC----****X,25,270706,,,
G*MPOFD---,G*MPOFD---****X,25,270707,,,
G*MPOFA---,G*MPOFA---****X,25,270800,,,
G*GPPM----,G*GPPM----****X,25,270900,,,
G*GPPY----,G*GPPY----****X,25,270901,,,
G*MPOU----,G*MPOU----****X,25,271000,,,
G*MPOFG---,G*MPOFG---****X,25,271100,,,
,,25,271200,,,
G*MPORP---,G*MPORP---****X,25,271201,,,
G*MPORS---,G*MPORS---****X,25,271202,,,
G*MPORA---,G*MPORA---****X,25,271203,,,
G*MPORC---,G*MPORC---****X,25,271204,,,
G*MPBCA---,G*MPBCA---****X,25,271300,,,
G*MPBCB---,G*MPBCB---****X,25,271400,,,
G*MPBCE---,G*MPBCE---****X,25,271500,,,
G*MPBCD---,G*MPBCD---****X,25,271600,,,
G*MPNB----,G*MPNB----****X,25,271700,,,
,,25,271701,,,
G*MPNC----,G*MPNC----****X,25,271800,,,
,,25,271801,,,
G*MPNR----,G*MPNR----****X,25,271900,,,
,,25,272000,,,
,,25,272001,,,
G*MPNM----,G*MPNM----****X,25,272100,,,
G*MPNL----,G*MPNL----****X,25,272200,,,
,,25,280000,,,
G*MPOS----,G*MPOS----****X,25,280100,,,
G*MPOMP---,G*MPOMP---****X,25,280200,,,
G*MPOME---,G*MPOME---****X,25,280201,,,
G*MPOMT---,G*MPOMT---****X,25,280300,,,
G*MPOMD---,G*MPOMD---****X,25,280400,,,
G*MPOMW---,G*MPOMW---****X,25,280500,,,
G*MPOMU---,G*MPOMU---****X,25,280600,,,
G*MPOB----,G*MPOB----****X,25,280700,,,
G*MPBCP---,G*MPBCP---****X,25,280800,,,
G*MPSE----,G*MPSE----****X,25,280900,,,
G*MPSS----,G*MPSS----****X,25,281000,,,
G*MPSU----,G*MPSU----****X,25,281100,,,
G*MPSF----,G*MPSF----****X,25,281200,,,
G*MPNEC---,G*MPNEC---****X,25,281300,,,
,,25,281301,,,
G*MPNEB---,G*MPNEB---****X,25,281400,,,
,,25,281401,,,
G*MPNZ----,G*MPNZ----****X,25,281500,,,
G*MPNF----,G*MPNF----****X,25,281600,,,
,,25,281700,,,
,,25,281701,,,
G*MPNDP---,G*MPNDP---****X,25,281800,,,
G*MPNDA---,G*MPNDA---****X,25,281801,,,
G*MPNDE---,G*MPNDE---****X,25,281802,,,
G*MPNDT---,G*MPNDT---****X,25,281803,,,
G*MPNDB---,G*MPNDB---****X,25,281804,,,
G*MPNDO---,G*MPNDO---****X,25,281805,,,
G*MPNDD---,G*MPNDD---****X,25,281806,,,
,,25,281807,,,
,,25,281808,,,
,,25,281809,,,
,,25,281900,,,
G*MPOAOF--,G*MPOAOF--****X,25,281901,,,
G*MPOAOM--,G*MPOAOM--****X,25,281902,,,
G*MPOAOP--,G*MPOAOP--****X,25,281903,,,
,,25,282000,,,
G*MPOHTL--,G*MPOHTL--****X,25,282001,,,
G*MPOHTH--,G*MPOHTH--****X,25,282002,,,
G*MPOHO---,G*MPOHO---****X,25,282003,,,
,,25,290000,,,
G*MPOGL---,G*MPOGL---****X,25,290100,,,
,,25,290200,,,
G*MPOADU--,G*MPOADU--****X,25,290201,,,
G*MPOADC--,G*MPOADC--****X,25,290202,,,
G*MPOAR---,G*MPOAR---****X,25,290203,,,
G*MPOAW---,G*MPOAW---****X,25,290204,,,
,,25,290300,,,
G*MPOWU---,G*MPOWU---****X,25,290301,,,
G*MPOWS---,G*MPOWS---****X,25,290302,,,
G*MPOWD---,G*MPOWD---****X,25,290303,,,
G*MPOWA---,G*MPOWA---****X,25,290304,,,
G*MPOWL---,G*MPOWL---****X,25,290305,,,
G*MPOWH---,G*MPOWH---****X,25,290306,,,
G*MPOWCS--,G*MPOWCS--****X,25,290307,,,
G*MPOWCD--,G*MPOWCD--****X,25,290308,,,
G*MPOWCT--,G*MPOWCT--****X,25,290309,,,
G*MPOMC---,G*MPOMC---****X,25,290400,,,
G*MPOT----,G*MPOT----****X,25,290500,,,
G*MPBCL---,G*MPBCL---****X,25,290600,,,
G*MPBCF---,G*MPBCF---****X,25,290700,,,
G*MPBCR---,G*MPBCR---****X,25,290800,,,
G*MPSL----,G*MPSL----****X,25,290900,,,
G*MPSW----,G*MPSW----****X,25,291000,,,
,,25,300000,,,
,,25,300100,,,
,,25,310000,,,
G*SPAD----,G*SPAD----****X,25,310100,,,
G*SPAE----,G*SPAE----****X,25,310200,,,
G*SPAR----,G*SPAR----****X,25,310300,,,
G*SPAH----,G*SPAH----****X,25,310400,,,
G*SPASR---,G*SPASR---****X,25,310500,,,
G*SPASB---,G*SPASB---****X,25,310600,,,
G*SPASD---,G*SPASD---****X,25,310700,,,
,,25,320000,,,
G*SPPX----,G*SPPX----****X,25,320100,,,
G*SPPAS---,G*SPPAS---****X,25,320200,,,
G*SPPAT---,G*SPPAT---****X,25,320310,,,
G*SPPC----,G*SPPC----****X,25,320400,,,
G*SPPY----,G*SPPY----****X,25,320500,,,
G*SPPT----,G*SPPT----****X,25,320600,,,
G*SPPD----,G*SPPD----****X,25,320700,,,
G*SPPE----,G*SPPE----****X,25,320800,,,
G*SPPL----,G*SPPL----****X,25,320900,,,
G*SPPM----,G*SPPM----****X,25,321000,,,
,,25,321100,,,
G*SPPR----,G*SPPR----****X,25,321200,,,
G*SPPU----,G*SPPU----****X,25,321300,,,
G*SPPO----,G*SPPO----****X,25,321400,,,
G*SPPI----,G*SPPI----****X,25,321500,,,
G*SPPN----,G*SPPN----****X,25,321600,,,
G*SPPSZ---,G*SPPSZ---****X,25,321700,,,
,,25,321701,,,
,,25,321702,,,
,,25,321703,,,
,,25,321704,,,
,,25,321705,,,
,,25,321706,,,
G*SPPSA---,G*SPPSA---****X,25,321707,,,
G*SPPSB---,G*SPPSB---****X,25,321708,,,
G*SPPSC---,G*SPPSC---****X,25,321709,,,
G*SPPSD---,G*SPPSD---****X,25,321710,,,
G*SPPSE---,G*SPPSE---****X,25,321711,,,
G*SPPSF---,G*SPPSF---****X,25,321712,,,
G*SPPSG---,G*SPPSG---****X,25,321713,,,
G*SPPSH---,G*SPPSH---****X,25,321714,,,
G*SPPSI---,G*SPPSI---****X,25,321715,,,
G*SPPSJ---,G*SPPSJ---****X,25,321716,,,
,,25,321800,,,
,,25,330000,,,
G*SPLCM---,G*SPLCM---****X,25,330100,,,
G*SPLCH---,G*SPLCH---****X,25,330200,,,
G*SPLRM---,G*SPLRM---****X,25,330300,,,
G*SPLRO---,G*SPLRO---****X,25,330301,,,
G*SPLRW---,G*SPLRW---****X,25,330302,,,
,,25,330303,,,
G*SPLRA---,G*SPLRA---****X,25,330400,,,
G*SPLRT---,G*SPLRT---****X,25,330401,,,
,,25,330402,,,
,,25,330403,,,
,,25,340000,,,
G*TPB-----,G*TPB-----****X,25,340100,,,
G*TPH-----,G*TPH-----****X,25,340200,,,
G*TPY-----,G*TPY-----****X,25,340300,,,
G*TPC-----,G*TPC-----****X,25,340400,,,
G*TPX-----,G*TPX-----****X,25,340500,,,
G*TPK-----,G*TPK-----****X,25,340600,,,
G*TPKF----,G*TPKF----****X,25,340700,,,
G*TPL-----,G*TPL-----****X,25,340800,,,
G*TPD-----,G*TPD-----****X,25,340900,,,
G*TPT-----,G*TPT-----****X,25,341000,,,
G*TPF-----,G*TPF-----****X,25,341100,,,
G*TPA-----,G*TPA-----****X,25,341200,,,
G*TPAS----,G*TPAS----****X,25,341300,,,
G*TPI-----,G*TPI-----****X,25,341400,,,
G*TPE-----,G*TPE-----****X,25,341500,,,
G*TPN-----,G*TPN-----****X,25,341600,,,
G*TPO-----,G*TPO-----****X,25,341700,,,
G*TPP-----,G*TPP-----****X,25,341800,,,
G*TPR-----,G*TPR-----****X,25,341900,,,
G*TPM-----,G*TPM-----****X,25,342000,,,
G*TPS-----,G*TPS-----****X,25,342100,,,
,,25,342200,,,
G*TPUC----,G*TPUC----****X,25,342201,,,
G*TPUG----,G*TPUG----****X,25,342202,,,
G*TPUS----,G*TPUS----****X,25,342203,,,
G*TPZ-----,G*TPZ-----****X,25,342300,,,
G*TPW-----,G*TPW-----****X,25,342400,,,
G*TPWP----,G*TPWP----****X,25,342500,,,
,,30,110000,00,00,
SUSPC-----,SUSPC-----*****,30,120000,00,00,
SUSPCLCV--,SUSPCLCV--*****,30,120100,00,00,
SUSPCL----,SUSPCL----*****,30,120200,00,00,
SUSPCLBB--,SUSPCLBB--*****,30,120201,00,00,
SUSPCLCC--,SUSPCLCC--*****,30,120202,00,00,
SUSPCLDD--,SUSPCLDD--*****,30,120203,00,00,
SUSPCLFF--,SUSPCLFF--*****,30,120204,00,00,
,,30,120205,00,00,
SUSPCLLL--,SUSPCLLL--*****,30,120206,00,00,
SUSPCLLLAS,SUSPCLLLAS*****,30,120206,03,00,
SUSPCLLLMI,SUSPCLLLMI*****,30,120206,10,00,
SUSPCLLLSU,SUSPCLLLSU*****,30,120206,13,00,
SUSPCA----,SUSPCA----*****,30,120300,00,00,
,,30,120301,00,00,
SUSPCALA--,SUSPCALA--*****,30,120302,00,00,
,,30,120303,00,00,
,,30,120304,00,00,
,,30,120305,00,00,
,,30,120306,00,00,
SUSPCALS--,SUSPCALS--*****,30,120307,00,00,
SUSPCALSM-,SUSPCALSM-*****,30,120307,00,04,
SUSPCALST-,SUSPCALST-*****,30,120307,00,07,
SUSPCALC--,SUSPCALC--*****,30,120308,00,00,
SUSPCM----,SUSPCM----*****,30,120400,00,00,
SUSPCMML--,SUSPCMML--*****,30,120401,00,00,
SUSPCMMS--,SUSPCMMS--*****,30,120402,00,00,
,,30,120403,00,00,
SUSPCMMH--,SUSPCMMH--*****,30,120404,00,00,
,,30,120405,00,00,
SUSPCMMA--,SUSPCMMA--*****,30,120406,00,00,
SUSPCP----,SUSPCP----*****,30,120500,00,00,
SUSPCPSU--,SUSPCPSU--*****,30,120500,00,13,
SUSPCPSUT-,SUSPCPSUT-*****,30,120500,00,17,
SUSPCPSB--,SUSPCPSB--*****,30,120501,00,00,
SUSPCPSUG-,SUSPCPSUG-*****,30,120502,00,00,
SUSPCD----,SUSPCD----*****,30,120600,00,00,
SUSPCU----,SUSPCU----*****,30,120700,00,00,
SUSPCUS---,SUSPCUS---*****,30,120700,03,00,
SUSPCUM---,SUSPCUM---*****,30,120700,07,00,
SUSPCUR---,SUSPCUR---*****,30,120700,11,00,
SUSPCUN---,SUSPCUN---*****,30,120700,13,00,
,,30,120800,00,00,
,,30,120801,00,00,
,,30,120900,00,00,
SUSPG-----,SUSPG-----*****,30,121000,00,00,
,,30,121001,00,00,
SUSPGT----,SUSPGT----*****,30,121002,00,00,
SUSPGG----,SUSPGG----*****,30,121003,00,00,
SUSPGU----,SUSPGU----*****,30,121004,00,00,
SUSPGC----,SUSPGC----*****,30,121005,00,00,
,,30,121100,00,00,
SUSPN-----,SUSPN-----*****,30,130000,00,00,
,,30,130100,00,00,
,,30,130101,00,00,
,,30,130102,00,00,
,,30,130103,00,00,
SUSPNI----,SUSPNI----*****,30,130104,00,00,
,,30,130105,00,00,
,,30,130106,00,00,
SUSPNM----,SUSPNM----*****,30,130107,00,00,
,,30,130108,00,00,
,,30,130109,00,00,
,,30,130110,00,00,
SUSPNR----,SUSPNR----*****,30,130111,00,00,
SUSPNF----,SUSPNF----*****,30,130112,00,00,
,,30,130113,00,00,
SUSPNS----,SUSPNS----*****,30,130200,00,00,
,,30,130201,00,00,
,,30,130202,00,00,
,,30,130203,00,00,
,,30,130204,00,00,
,,30,140000,00,00,
SUSPXM----,SUSPXM----*****,30,140100,00,00,
SUSPXMC---,SUSPXMC---*****,30,140101,00,00,
,,30,140102,00,00,
,,30,140103,00,00,
SUSPXMR---,SUSPXMR---*****,30,140104,00,00,
SUSPXMF---,SUSPXMF---*****,30,140105,00,00,
,,30,140106,00,00,
SUSPXH----,SUSPXH----*****,30,140107,00,00,
,,30,140108,00,00,
SUSPXMO---,SUSPXMO---*****,30,140109,00,00,
SUSPXMP---,SUSPXMP---*****,30,140110,00,00,
SUSPXMTU--,SUSPXMTU--*****,30,140111,00,00,
SUSPXMTO--,SUSPXMTO--*****,30,140112,00,00,
SUSPXMH---,SUSPXMH---*****,30,140113,00,00,
,,30,140114,00,00,
,,30,140115,00,00,
,,30,140116,00,00,
SUSPXF----,SUSPXF----*****,30,140200,00,00,
SUSPXFDF--,SUSPXFDF--*****,30,140201,00,00,
SUSPXFTR--,SUSPXFTR--*****,30,140202,00,00,
SUSPXFDR--,SUSPXFDR--*****,30,140203,00,00,
SUSPXL----,SUSPXL----*****,30,140300,00,00,
SUSPXR----,SUSPXR----*****,30,140400,00,00,
SUSPXA----,SUSPXA----*****,30,140500,00,00,
SUSPXAR---,SUSPXAR---*****,30,140501,00,00,
SUSPXAS---,SUSPXAS---*****,30,140502,00,00,
SUSPXP----,SUSPXP----*****,30,140600,00,00,
,,30,140700,00,00,
SUSPO-----,SUSPO-----*****,30,150000,00,00,
,,30,160000,00,00,
,,30,170000,00,00,
,,35,110000,00,00,
SUUPS-----,SUUPS-----*****,35,110100,00,00,
SUUPS1----,SUUPS1----*****,35,110100,13,00,
SUUPS2----,SUUPS2----*****,35,110100,14,00,
SUUPS3----,SUUPS3----*****,35,110100,15,00,
SUUPS4----,SUUPS4----*****,35,110100,16,00,
SUUPSL----,SUUPSL----*****,35,110100,17,00,
SUUPSF----,SUUPSF----*****,35,110101,00,00,
SUUPSR----,SUUPSR----*****,35,110101,18,00,
,,35,110102,00,00,
SUUPSB----,SUUPSB----*****,35,110103,00,00,
SUUPSO----,SUUPSO----*****,35,110200,00,00,
SUUPSX----,SUUPSX----*****,35,110300,00,00,
SUUPSU----,SUUPSU----*****,35,110400,00,00,
SUUPSUS---,SUUPSUS---*****,35,110400,01,00,
,,35,110400,05,00,
,,35,110400,07,00,
,,35,110500,00,00,
,,35,120000,00,00,
,,35,120100,00,00,
,,35,120200,00,00,
SUUPND----,SUUPND----*****,35,120300,00,00,
SUUPW-----,SUUPW-----*****,35,130000,00,00,
SUUPWT----,SUUPWT----*****,35,130100,00,00,
,,35,130200,00,00,
SUUPWD----,SUUPWD----*****,35,130300,00,00,
,,35,140000,00,00,
,,35,150000,00,00,
,,35,160000,00,00,
SUUPWM----,SUUPWM----*****,36,110000,00,00,
SUUPWMG---,SUUPWMG---*****,36,110100,00,00,
SUUPWMM---,SUUPWMM---*****,36,110200,00,00,
SUUPWMF---,SUUPWMF---*****,36,110300,00,00,
SUUPWMS---,SUUPWMS---*****,36,110400,00,00,
SUUPWMO---,SUUPWMO---*****,36,110500,00,00,
,,36,110600,00,00,
,,36,110700,00,00,
SUUPWMX---,SUUPWMX---*****,36,110800,00,00,
SUUPWMGX--,SUUPWMGX--*****,36,110801,00,00,
SUUPWMMX--,SUUPWMMX--*****,36,110802,00,00,
SUUPWMFX--,SUUPWMFX--*****,36,110803,00,00,
SUUPWMSX--,SUUPWMSX--*****,36,110804,00,00,
SUUPWMD---,SUUPWMD---*****,36,110900,00,00,
SUUPWMGD--,SUUPWMGD--*****,36,110901,00,00,
SUUPWMMD--,SUUPWMMD--*****,36,110902,00,00,
SUUPWMFD--,SUUPWMFD--*****,36,110903,00,00,
SUUPWMSD--,SUUPWMSD--*****,36,110904,00,00,
SUUPWMOD--,SUUPWMOD--*****,36,110905,00,00,
SUUPX-----,SUUPX-----*****,36,120000,00,00,
SUUPWDM---,SUUPWDM---*****,36,130000,00,00,
SUUPWDMG--,SUUPWDMG--*****,36,130100,00,00,
SUUPWDMM--,SUUPWDMM--*****,36,130200,00,00,
,,36,140000,00,00,
,,36,140100,00,00,
,,36,140101,00,00,
,,36,140102,00,00,
,,36,140103,00,00,
,,36,140104,00,00,
,,36,140105,00,00,
,,36,140200,00,00,
,,36,140201,00,00,
,,36,140202,00,00,
,,36,140203,00,00,
,,36,140204,00,00,
,,36,140205,00,00,
,,36,140300,00,00,
,,36,140301,00,00,
,,36,140302,00,00,
,,36,140303,00,00,
,,36,140304,00,00,
,,36,140305,00,00,
,,36,140400,00,00,
,,36,140401,00,00,
,,36,140402,00,00,
,,36,140403,00,00,
,,36,140404,00,00,
,,36,140405,00,00,
SUUPWME---,SUUPWME---*****,36,150000,00,00,
SUUPWMGE--,SUUPWMGE--*****,36,150100,00,00,
SUUPWMME--,SUUPWMME--*****,36,150200,00,00,
SUUPWMFE--,SUUPWMFE--*****,36,150300,00,00,
SUUPWMR---,SUUPWMR---*****,36,160000,00,00,
SUUPWMGR--,SUUPWMGR--*****,36,160100,00,00,
SUUPWMMR--,SUUPWMMR--*****,36,160200,00,00,
SUUPWMFR--,SUUPWMFR--*****,36,160300,00,00,
SUUPWMB---,SUUPWMB---*****,36,170000,00,00,
SUUPWMBD--,SUUPWMBD--*****,36,170100,00,00,
SUUPWMA---,SUUPWMA---*****,36,180000,00,00,
SUUPWMN---,SUUPWMN---*****,36,190000,00,00,
SUUPWMGO--,SUUPWMGO--*****,36,190100,00,00,
SUUPWMMO--,SUUPWMMO--*****,36,190200,00,00,
SUUPWMFO--,SUUPWMFO--*****,36,190300,00,00,
SUUPE-----,SUUPE-----*****,36,200000,00,00,
SUUPV-----,SUUPV-----*****,36,210000,00,00,
,,40,110000,00,00,
EUIPB-----,EUIPB-----*****,40,110100,00,00,
OUOPA-----,OUOPA-----*****,40,110101,00,00,
OUVPA-----,OUVPA-----*****,40,110102,00,00,
,,40,110103,00,00,
OUOPKA----,OUOPKA----*****,40,110103,05,00,
OURPA-----,OURPA-----*****,40,110103,08,00,
OUVPD-----,OUVPD-----*****,40,110104,00,00,
OUOPU-----,OUOPU-----*****,40,110105,00,00,
OUOPE-----,OUOPE-----*****,40,110106,00,00,
OUIPG-----,OUIPG-----*****,40,110107,00,00,
OUVPM-----,OUVPM-----*****,40,110108,00,00,
OUVPMC----,OUVPMC----*****,40,110108,01,00,
OUVPMC----,OUVPMC----*****,40,110108,02,00,
OUVPMA----,OUVPMA----*****,40,110108,06,00,
OUVPP-----,OUVPP-----*****,40,110109,00,00,
EUIPAC----,EUIPAC----*****,40,110110,00,00,
OUVPY-----,OUVPY-----*****,40,110111,00,00,
,,40,110112,00,00,
,,40,110113,00,00,
OUIPV-----,OUIPV-----*****,40,110114,00,00,
,,40,110115,00,00,
,,40,110116,00,00,
,,40,110117,00,00,
,,40,110118,00,00,
,,40,110119,00,00,
,,40,110120,00,00,
,,40,110121,00,00,
,,40,110122,00,00,
,,40,110123,00,00,
OUVPB-----,OUVPB-----*****,40,110200,00,00,
EUIPBA----,EUIPBA----*****,40,110201,00,00,
,,40,110300,00,00,
OUVPEI----,OUVPEI----*****,40,110301,00,00,
,,40,110302,00,00,
,,40,110303,00,00,
,,40,110304,00,00,
EUIPBF----,EUIPBF----*****,40,110400,00,00,
OUVPS-----,OUVPS-----*****,40,110401,00,00,
,,40,110500,00,00,
,,40,110501,00,00,
,,40,110502,00,00,
OUVPE-----,OUVPE-----*****,40,110600,00,00,
,,40,110601,00,00,
,,40,110602,00,00,
,,40,110603,00,00,
,,40,110604,00,00,
,,40,110605,00,00,
EUIPBC----,EUIPBC----*****,40,110606,00,00,
EUIPA-----,EUIPA-----*****,40,120000,00,00,
OUOPD-----,OUOPD-----*****,40,120100,00,00,
,,40,130000,00,00,
OUOPP-----,OUOPP-----*****,40,130100,00,00,
OUOPY-----,OUOPY-----*****,40,130200,00,00,
OUOPYH----,OUOPYH----*****,40,130200,04,00,
OUOPYW----,OUOPYW----*****,40,130200,09,00,
OUOPYT----,OUOPYT----*****,40,130201,00,00,
OUOPF-----,OUOPF-----*****,40,130300,00,00,
,,40,130400,00,00,
OUOPRW----,OUOPRW----*****,40,130401,00,00,
OUOPRC----,OUOPRC----*****,40,130402,00,00,
OUOPM-----,OUOPM-----*****,40,130500,00,00,
OUOPS-----,OUOPS-----*****,40,130600,00,00,
,,40,130700,00,00,
,,40,130800,00,00,
,,40,130900,00,00,
,,40,131000,00,00,
,,40,131001,00,00,
,,40,131100,00,00,
EUOPB-----,EUOPB-----*****,40,131200,00,00,
EUOPBD----,EUOPBD----*****,40,131201,00,00,
OUOPO-----,OUOPO-----*****,40,131202,00,00,
EUOPBE----,EUOPBE----H****,40,131203,00,00,
EUOPBF----,EUOPBF----H****,40,131204,00,00,
EUOPBG----,EUOPBG----H****,40,131205,00,00,
EUOPBH----,EUOPBH----H****,40,131206,00,00,
EUOPBI----,EUOPBI----H****,40,131207,00,00,
EUOPBK----,EUOPBK----H****,40,131208,00,00,
EUOPA-----,EUOPA-----*****,40,131300,00,00,
EUOPAD----,EUOPAD----H****,40,131301,00,00,
EUOPAG----,EUOPAG----H****,40,131302,00,00,
EUOPAJ----,EUOPAJ----H****,40,131303,00,00,
EUOPAK----,EUOPAK----H****,40,131304,00,00,
EUOPAL----,EUOPAL----H****,40,131305,00,00,
EUOPAM----,EUOPAM----H****,40,131306,00,00,
,,40,131400,00,00,
EUOPCC----,EUOPCC----*****,40,131401,00,00,
EUOPC-----,EUOPC-----*****,40,131402,00,00,
EUOPCD----,EUOPCD----H****,40,131403,00,00,
EUOPD-----,EUOPD-----*****,40,131500,00,00,
,,40,131501,00,00,
EUOPDE----,EUOPDE----*****,40,131502,00,00,
EUOPDF----,EUOPDF----*****,40,131503,00,00,
,,40,131504,00,00,
,,40,131505,00,00,
,,40,131506,00,00,
EUOPDJ----,EUOPDJ----*****,40,131507,00,00,
EUOPDK----,EUOPDK----H****,40,131508,00,00,
,,40,131509,00,00,
,,40,131510,00,00,
EUOPDN----,EUOPDN----*****,40,131511,00,00,
,,40,131512,00,00,
OUIPF-----,OUIPF-----*****,40,131513,00,00,
EUIPC-----,EUIPC-----*****,40,140000,00,00,
EUIPCC----,EUIPCC----*****,40,140100,00,00,
EUIPCF----,EUIPCF----*****,40,140200,00,00,
EUIPCA----,EUIPCA----*****,40,140300,00,00,
EUIPCB----,EUIPCB----*****,40,140400,00,00,
EUIPCD----,EUIPCD----*****,40,140500,00,00,
EUIPCE----,EUIPCE----*****,40,140600,00,00,
EUIPCG----,EUIPCG----*****,40,140700,00,00,
EUIPCH----,EUIPCH----*****,40,140800,00,00,
,,40,150000,00,00,
EUIPD-----,EUIPD-----*****,40,150100,00,00,
EUIPDA----,EUIPDA----*****,40,150101,00,00,
EUIPDB----,EUIPDB----*****,40,150102,00,00,
EUIPDC----,EUIPDC----*****,40,150103,00,00,
EUIPDD----,EUIPDD----*****,40,150104,00,00,
EUIPDE----,EUIPDE----*****,40,150105,00,00,
EUIPDF----,EUIPDF----*****,40,150106,00,00,
EUIPDG----,EUIPDG----*****,40,150107,00,00,
EUIPDH----,EUIPDH----*****,40,150108,00,00,
EUIPDI----,EUIPDI----*****,40,150109,00,00,
EUIPDJ----,EUIPDJ----*****,40,150110,00,00,
EUIPDK----,EUIPDK----*****,40,150111,00,00,
EUIPDL----,EUIPDL----*****,40,150112,00,00,
EUIPDM----,EUIPDM----*****,40,150113,00,00,
EUIPDN----,EUIPDN----*****,40,150114,00,00,
EUIPDO----,EUIPDO----*****,40,150115,00,00,
,,40,160000,00,00,
,,40,160100,00,00,
EUIPEA----,EUIPEA----*****,40,160100,16,00,
OUOPHA----,OUOPHA----*****,40,160100,03,00,
EUIPE-----,EUIPE-----*****,40,160100,17,00,
,,40,160200,00,00,
EUIPFA----,EUIPFA----*****,40,160200,16,00,
OUOPHV----,OUOPHV----*****,40,160200,03,00,
EUIPF-----,EUIPF-----*****,40,160200,17,00,
,,40,160300,00,00,
EUIPGA----,EUIPGA----*****,40,160300,16,00,
EUIPGB----,EUIPGB----*****,40,160300,03,00,
EUIPG-----,EUIPG-----*****,40,160300,17,00,
,,40,160400,00,00,
EUIPHA----,EUIPHA----*****,40,160400,16,00,
OUOPHT----,OUOPHT----*****,40,160400,03,00,
EUIPH-----,EUIPH-----*****,40,160400,17,00,
,,40,160400,18,00,
,,40,160500,00,00,
,,40,170000,00,00,
,,40,170100,00,00,
E*NPAA----,E*NPAA----*****,40,170101,00,00,
E*NPAB----,E*NPAB----*****,40,170102,00,00,
E*NPAC----,E*NPAC----*****,40,170103,00,00,
E*NPAD----,E*NPAD----*****,40,170104,00,00,
E*NPAE----,E*NPAE----*****,40,170105,00,00,
WAS-WSVE--,WAS-WSVE--P----,40,170106,00,00,
E*NPAG----,E*NPAG----*****,40,170107,00,00,
,,40,170108,00,00,
,,40,170200,00,00,
E*NPBB----,E*NPBB----*****,40,170201,00,00,
E*NPBC----,E*NPBC----*****,40,170202,00,00,
E*NPBM----,E*NPBM----*****,40,170203,00,00,
,,40,170300,00,00,
E*NPCA----,E*NPCA----*****,40,170301,00,00,
E*NPCB----,E*NPCB----*****,40,170302,00,00,
E*NPCC----,E*NPCC----*****,40,170303,00,00,
E*NPCD----,E*NPCD----*****,40,170304,00,00,
E*NPCE----,E*NPCE----*****,40,170305,00,00,
,,40,180000,00,00,
,,40,180100,00,00,
,,40,180200,00,00,
,,45,110000,00,00,
WAS-PL----,WAS-PL----P----,45,110100,00,00,
WAS-PC----,WAS-PC----P----,45,110101,00,00,
WAS-PLT---,WAS-PLT---P----,45,110102,00,00,
WAS-PH----,WAS-PH----P----,45,110200,00,00,
WAS-PA----,WAS-PA----P----,45,110201,00,00,
WAS-PHT---,WAS-PHT---P----,45,110202,00,00,
,,45,110300,00,00,
WA-DPFC---,WA-DPFC----L---,45,110301,00,00,
WA-DPFCU--,WA-DPFCU---L---,45,110302,00,00,
WA-DPFC-FG,WA-DPFC-FG-L---,45,110203,00,00,
WA-DPFC-FY,WA-DPFC-FY-L---,45,110104,00,00,
WA-DPFW---,WA-DPFW----L---,45,110305,00,00,
WA-DPFWU--,WA-DPFWU---L---,45,110306,00,00,
WA-DPFW-FG,WA-DPFW-FG-L---,45,110307,00,00,
WA-DPFW-FY,WA-DPFW-FY-L---,45,110308,00,00,
WA-DPFO---,WA-DPFO----L---,45,110309,00,00,
WA-DPFOU--,WA-DPFOU---L---,45,110310,00,00,
WA-DPFO-FY,WA-DPFO-FY-L---,45,110311,00,00,
WA-DPFS---,WA-DPFS----L---,45,110312,00,00,
WA-DPFSU--,WA-DPFSU---L---,45,110313,00,00,
WA-DPFS-FG,WA-DPFS-FG-L---,45,110314,00,00,
WA-DPFS-FY,WA-DPFS-FY-L---,45,110315,00,00,
,,45,110400,00,00,
,,45,110401,00,00,
WA-DPXT---,WA-DPXT----L---,45,110402,,,
WA-DPXR---,WA-DPXR----L---,45,110403,00,00,
WA-DPXSQ--,WA-DPXSQ---L---,45,110404,00,00,
WA-DPXIL--,WA-DPXIL---L---,45,110405,00,00,
WA-DPXSH--,WA-DPXSH---L---,45,110406,00,00,
WA-DPXITCZ,WA-DPXITCZ-L---,45,110407,00,00,
WA-DPXCV--,WA-DPXCV---L---,45,110408,00,00,
WA-DPXITD-,WA-DPXITD--L---,45,110409,00,00,
,,45,110500,00,00,
,,45,110501,00,00,
,,45,110502,00,00,
,,45,110503,00,00,
,,45,110504,00,00,
,,45,110505,00,00,
,,45,110506,00,00,
,,45,110507,00,00,
,,45,110508,00,00,
,,45,110509,00,00,
,,45,120000,00,00,
WAS-TL----,WAS-TL----P----,45,120100,00,00,
WAS-TM----,WAS-TM----P----,45,120200,00,00,
WAS-TS----,WAS-TS----P----,45,120300,00,00,
WAS-TE----,WAS-TE----P----,45,120400,00,00,
WAS-T-MW--,WAS-T-MW--P----,45,120500,00,00,
,,45,130000,00,00,
,,45,130100,00,00,
WAS-ICL---,WAS-ICL---P----,45,130101,00,00,
WAS-ICM---,WAS-ICM---P----,45,130102,00,00,
WAS-ICS---,WAS-ICS---P----,45,130103,00,00,
,,45,130200,00,00,
WAS-IRL---,WAS-IRL---P----,45,130201,00,00,
WAS-IMM---,WAS-IMM---P----,45,130202,00,00,
WAS-IMS---,WAS-IMS---P----,45,130203,00,00,
,,45,130300,00,00,
,,45,140000,00,00,
WAS-WC----,WAS-WC----P----,45,140100,00,00,
WAS-WP----,WAS-WP----P----,45,140200,00,00,
WA-DWJ----,WA-DWJ-----L---,45,140300,00,00,
WA-DWS----,WA-DWS-----L---,45,140400,00,00,
,,45,150000,00,00,
,,45,150100,00,00,
WAS-CCCSCS,WAS-CCCSCSP----,45,150101,00,00,
WAS-CCCSFC,WAS-CCCSFCP----,45,150102,00,00,
WAS-CCCSSC,WAS-CCCSSCP----,45,150103,00,00,
WAS-CCCSBC,WAS-CCCSBCP----,45,150104,00,00,
WAS-CCCSOC,WAS-CCCSOCP----,45,150105,00,00,
WAS-CCCSOB,WAS-CCCSOBP----,45,150106,00,00,
,,45,160000,00,00,
,,45,160100,00,00,
WAS-WSR-LI,WAS-WSR-LIP----,45,160101,00,00,
WAS-WSR-LC,WAS-WSR-LCP----,45,160102,00,00,
WAS-WSR-MI,WAS-WSR-MIP----,45,160103,00,00,
WAS-WSR-MC,WAS-WSR-MCP----,45,160104,00,00,
WAS-WSR-HI,WAS-WSR-HIP----,45,160105,00,00,
WAS-WSR-HC,WAS-WSR-HCP----,45,160106,00,00,
,,45,160200,00,00,
WAS-WSRFL-,WAS-WSRFL-P----,45,160201,00,00,
WAS-WSRFMH,WAS-WSRFMHP----,45,160202,00,00,
,,45,160300,00,00,
WAS-WSRSL-,WAS-WSRSL-P----,45,160301,00,00,
WAS-WSRSMH,WAS-WSRSMHP----,45,160302,00,00,
WAS-WSRST-,WAS-WSRST-P----,45,160303,00,00,
,,45,160400,00,00,
WAS-WSD-LI,WAS-WSD-LIP----,45,160401,00,00,
WAS-WSD-LC,WAS-WSD-LCP----,45,160402,00,00,
WAS-WSD-MI,WAS-WSD-MIP----,45,160403,00,00,
WAS-WSD-MC,WAS-WSD-MCP----,45,160404,00,00,
WAS-WSD-HI,WAS-WSD-HIP----,45,160405,00,00,
WAS-WSD-HC,WAS-WSD-HCP----,45,160406,00,00,
,,45,160500,00,00,
WAS-WSDFL-,WAS-WSDFL-P----,45,160501,00,00,
WAS-WSDFMH,WAS-WSDFMHP----,45,160502,00,00,
,,45,160600,00,00,
WAS-WSM-L-,WAS-WSM-L-P----,45,160601,00,00,
WAS-WSM-MH,WAS-WSM-MHP----,45,160602,00,00,
WAS-WSMSL-,WAS-WSMSL-P----,45,160603,00,00,
WAS-WSMSMH,WAS-WSMSMHP----,45,160604,00,00,
,,45,160700,00,00,
WAS-WSS-LI,WAS-WSS-LIP----,45,160701,00,00,
WAS-WSS-LC,WAS-WSS-LCP----,45,160702,00,00,
WAS-WSS-MI,WAS-WSS-MIP----,45,160703,00,00,
WAS-WSS-MC,WAS-WSS-MCP----,45,160704,00,00,
WAS-WSS-HI,WAS-WSS-HIP----,45,160705,00,00,
WAS-WSS-HC,WAS-WSS-HCP----,45,160706,00,00,
WAS-WSSBLM,WAS-WSSBLMP----,45,160707,00,00,
WAS-WSSBH-,WAS-WSSBH-P----,45,160708,00,00,
WAS-WSSG--,WAS-WSSG--P----,45,160800,00,00,
,,45,160900,00,00,
WAS-WSSSL-,WAS-WSSSL-P----,45,160901,00,00,
WAS-WSSSMH,WAS-WSSSMHP----,45,160902,00,00,
,,45,161000,00,00,
WAS-WSGRL-,WAS-WSGRL-P----,45,161001,00,00,
WAS-WSGRMH,WAS-WSGRMHP----,45,161002,00,00,
WAS-WSIC--,WAS-WSIC--P----,45,161100,00,00,
,,45,161200,00,00,
WAS-WSPLL-,WAS-WSPLL-P----,45,161201,00,00,
WAS-WSPLM-,WAS-WSPLM-P----,45,161202,00,00,
WAS-WSPLH-,WAS-WSPLH-P----,45,161203,00,00,
E*NPBF----,E*NPBF----*****,45,161300,00,00,
,,45,161400,00,00,
WAS-WST-NP,WAS-WST-NPP---,45,161401,00,00,
WAS-WSTMR-,WAS-WSTMR-P----,45,161402,00,00,
WAS-WSTHR-,WAS-WSTHR-P----,45,161403,00,00,
WAS-WSTMH-,WAS-WSTMH-P----,45,161404,00,00,
WAS-WSTHH-,WAS-WSTHH-P----,45,161405,00,00,
WAS-WST-FC,WAS-WST-FCP----,45,161406,00,00,
WAS-WST-SQ,WAS-WST-SQP----,45,161407,00,00,
WAS-WST-LG,WAS-WST-LGP----,45,161408,00,00,
,,45,161500,00,00,
WAS-WSFGPS,WAS-WSFGPSP----,45,161501,00,00,
WAS-WSFGCS,WAS-WSFGCSP----,45,161502,00,00,
WAS-WSFGP-,WAS-WSFGP-P----,45,161503,00,00,
WAS-WSFGSV,WAS-WSFGSVP----,45,161504,00,00,
WAS-WSFGSO,WAS-WSFGSOP----,45,161505,00,00,
WAS-WSFGFV,WAS-WSFGFVP----,45,161506,00,00,
WAS-WSFGFO,WAS-WSFGFOP----,45,161507,00,00,
WAS-WSBR--,WAS-WSBR--P----,45,161600,00,00,
WAS-WSFU--,WAS-WSFU--P----,45,161700,00,00,
WAS-WSHZ--,WAS-WSHZ--P----,45,161800,00,00,
,,45,161900,00,00,
WAS-WSDSLM,WAS-WSDSLMP----,45,161901,00,00,
WAS-WSDSS-,WAS-WSDSS-P----,45,161902,00,00,
WAS-WSDD--,WAS-WSDD--P----,45,161903,00,00,
WAS-WSDB--,WAS-WSDB--P----,45,161904,00,00,
,,45,162000,00,00,
WAS-WSTSD-,WAS-WSTSD-P----,45,162001,00,00,
WAS-WSTSS-,WAS-WSTSS-P----,45,162002,00,00,
WAS-WSTSH-,WAS-WSTSH-P----,45,162003,00,00,
WA-DWSTSWA,WA-DWSTSWA--A--,45,162004,00,00,
WAS-WSVE--,WAS-WSVE--P----,45,162100,00,00,
WAS-WSVA--,WAS-WSVA--P----,45,162101,00,00,
WAS-WST-LV,WAS-WST-LVP----,45,162200,00,00,
WAS-WSF-LV,WAS-WSF-LVP----,45,162300,00,00,
WAS-WSUKP-,WAS-WSUKP-P----,45,162400,00,00,
,,45,170000,00,00,
WA-DBAIF--,WA-DBAIF----A--,45,170100,00,00,
WA-DBAMV--,WA-DBAMV----A--,45,170200,00,00,
WA-DBATB--,WA-DBATB----A--,45,170300,00,00,
WA-DBAI---,WA-DBAI-----A--,45,170400,00,00,
WA-DBALPNC,WA-DBALPNC--A--,45,170500,00,00,
WA-DBALPC-,WA-DBALPC---A--,45,170501,00,00,
WA-DBAFP--,WA-DBAFP----A--,45,170600,00,00,
WA-DBAT---,WA-DBAT-----A--,45,170700,00,00,
WA-DBAFG--,WA-DBAFG----A--,45,170800,00,00,
WA-DBAD---,WA-DBAD-----A--,45,170900,00,00,
WA-DBAFF--,WA-DBAFF----A--,45,171000,00,00,
,,45,180000,00,00,
WA-DIPIB--,WA-DIPIB---L---,45,180100,00,00,
WA-DIPCO--,WA-DIPCO---L---,45,180200,00,00,
WA-DIPIS--,WA-DIPIS---L---,45,180300,00,00,
WA-DIPIT--,WA-DIPIT---L---,45,180400,00,00,
WA-DIPID--,WA-DIPID---L---,45,180500,00,00,
WA-DIPTH--,WA-DIPTH---L---,45,180600,00,00,
WA-DIPFF--,WA-DIPFF---L---,45,180700,00,00,
,,45,190000,00,00,
,,45,190100,00,00,
WAS-GND-NC,WAS-GND-NCP----,45,190101,00,00,
WAS-GNM---,WAS-GNM---P----,45,190102,00,00,
WAS-GNW-SW,WAS-GNW-SWP----,45,190103,00,00,
WAS-GNFL--,WAS-GNFL--P----,45,190104,00,00,
WAS-GNFZ--,WAS-GNFZ--P---,45,190105,00,00,
WAS-GNG-TI,WAS-GNG-TIP----,45,190106,00,00,
WAS-GNLDN-,WAS-GNLDN-P----,45,190107,00,00,
WAS-GNLDTC,WAS-GNLDTCP----,45,190108,00,00,
WAS-GNLDMC,WAS-GNLDMCP----,45,190109,00,00,
WAS-GNDEWC,WAS-GNDEWCP----,45,190110,00,00,
,,45,190200,00,00,
WAS-GSI---,WAS-GSI---P----,45,190201,00,00,
WAS-GSSCL-,WAS-GSSCL-P----,45,190202,00,00,
WAS-GSSCH-,WAS-GSSCH-P----,45,190203,00,00,
WAS-GSSCCE,WAS-GSSCCEP----,45,190204,00,00,
WAS-GSSCCU,WAS-GSSCCUP----,45,190205,00,00,
WAS-GSSLL-,WAS-GSSLL-P----,45,190206,00,00,
WAS-GSSLH-,WAS-GSSLH-P----,45,190207,00,00,
WAS-GSSLCE,WAS-GSSLCEP----,45,190208,00,00,
WAS-GSSLCU,WAS-GSSLCUP----,45,190209,00,00,
WAS-GSSDC-,WAS-GSSDC-P----,45,190210,00,00,
WAS-IML---,WAS-IML---P----,45,130301,00,00,
WAS-IRM---,WAS-IRM---P----,45,130302,00,00,
WAS-IRS---,WAS-IRS---P----,45,130303,00,00,
,,46,110000,00,00,
WOS-IB----,WOS-IB----P----,46,110100,00,00,
WOS-IBM---,WOS-IBM---P----,46,110101,00,00,
WOS-IBBS--,WOS-IBBS--P----,46,110102,00,00,
WOS-IBG---,WOS-IBG---P----,46,110103,00,00,
WOS-IBMG--,WOS-IBMG--P----,46,110104,00,00,
WOS-IBBB--,WOS-IBBB--P----,46,110105,00,00,
WOS-IBBBM-,WOS-IBBBM-P----,46,110106,00,00,
WOS-IBGL--,WOS-IBGL--P----,46,110107,00,00,
WOS-IBGLM-,WOS-IBGLM-P----,46,110108,00,00,
WOS-IBF---,WOS-IBF---P----,46,110109,00,00,
WOS-IBII--,WOS-IBII--P----,46,110110,00,00,
,,46,110200,00,00,
WOS-ICWB--,WOS-ICWB--P----,46,110201,00,00,
WOS-ICWR--,WOS-ICWR--P----,46,110202,00,00,
WOS-ICIF--,WOS-ICIF--P----,46,110203,00,00,
,,46,110300,00,00,
WOS-IDC---,WOS-IDC---P----,46,110301,00,00,
WOS-IDD---,WOS-IDD---P----,46,110302,00,00,
WOS-IDS---,WOS-IDS---P----,46,110303,00,00,
WO-DIDID--,WO-DIDID---L---,46,110304,00,00,
WOS-II----,WOS-II----P----,46,110400,00,00,
WOS-IITM--,WOS-IITM--P----,46,110401,00,00,
WOS-IITE--,WOS-IITE--P----,46,110402,00,00,
WOS-IIP---,WOS-IIP---P----,46,110403,00,00,
,,46,110500,00,00,
WO-DILOV--,WO-DILOV---L---,46,110501,00,00,
WO-DILUC--,WO-DILUC---L---,46,110502,00,00,
WO-DILOR--,WO-DILOR---L---,46,110503,00,00,
WO-DILIEO-,WO-DILIEO--L---,46,110504,00,00,
WO-DILIEE-,WO-DILIEE--L---,46,110505,00,00,
WO-DILIER-,WO-DILIER--L---,46,110506,00,00,
,,46,110600,00,00,
WO-DIOC---,WO-DIOC----L---,46,110601,00,00,
WO-DIOCS--,WO-DIOCS---L---,46,110602,00,00,
WO-DIOL---,WO-DIOL----L---,46,110603,00,00,
WO-DIOLF--,WO-DIOLF---L---,46,110604,00,00,
WOS-ISC---,WOS-ISC---P----,46,110700,00,00,
WOS-ISS---,WOS-ISS---P----,46,110701,00,00,
,,46,110800,00,00,
WOS-ITRH--,WOS-ITRH--P----,46,110801,00,00,
WOS-ITR---,WOS-ITR---P----,46,110802,00,00,
WOS-ITBB--,WOS-ITBB--P----,46,110803,00,00,
,,46,120000,00,00,
,,46,120100,00,00,
WOS-HDS---,WOS-HDS---P----,46,120101,00,00,
WO-DHDDL--,WO-DHDDL---L---,46,120102,00,00,
WO-DHDDC--,WO-DHDDC---L---,46,120103,00,00,
WO-DHDDA--,WO-DHDDA----A--,46,120104,00,00,
,,46,120200,00,00,
WO-DHCC---,WO-DHCC----L---,46,120201,00,00,
WO-DHCI---,WO-DHCI-----A--,46,120202,00,00,
WO-DHCB---,WO-DHCB-----A--,46,120203,00,00,
WO-DHCW---,WO-DHCW-----A--,46,120204,00,00,
WO-DHCF---,WO-DHCF----L---,46,120205,00,00,
WO-DHCF---,WO-DHCF-----A--,46,120206,00,00,
,,46,120300,00,00,
,,46,120301,00,00,
WOS-HPB-O-,WOS-HPB-O-P----,46,120302,00,00,
WOS-HPB-A-,WOS-HPB-A-P----,46,120303,00,00,
WOS-HPBA--,WOS-HPBA--P----,46,120304,00,00,
WO-DHPBA--,WO-DHPBA---L---,46,120305,00,00,
WO-DHPBA--,WO-DHPBA----A--,46,120306,00,00,
WOS-HPCP--,WOS-HPCP--P----,46,120307,00,00,
WO-DHPBP--,WO-DHPBP---L---,46,120308,00,00,
WOS-HPFH--,WOS-HPFH--P----,46,120309,00,00,
WOS-HPFS--,WOS-HPFS--P----,46,120310,00,00,
WOS-HPFS--,WOS-HPFS---L---,46,120311,00,00,
WOS-HPFF--,WOS-HPFF----A--,46,120312,00,00,
,,46,120313,00,00,
WO-DHPMD--,WO-DHPMD----A--,46,120314,00,00,
WOS-HPML--,WOS-HPML--P----,46,120315,00,00,
WO-DHPMO--,WO-DHPMO--P----,46,120316,00,00,
WO-DHPMO--,WO-DHPMO---L---,46,120317,00,00,
WO-DHPMO--,WO-DHPMO----A--,46,120318,00,00,
WO-DHPMRA-,WO-DHPMRA--L---,46,120319,00,00,
WO-DHPMRB-,WO-DHPMRB--L---,46,120320,00,00,
WOS-HPM-R-,WOS-HPM-R-P----,46,120321,00,00,
WOS-HPM-FC,WOS-HPM-FC-L---,46,120322,00,00,
WOS-HPM-CC,WOS-HPM-CC-L---,46,120323,00,00,
WOS-HPD---,WOS-HPD---P----,46,120324,00,00,
,,46,120325,00,00,
WO-DHPSPA-,WO-DHPSPA--L---,46,120326,00,00,
WO-DHPSPB-,WO-DHPSPB--L---,46,120327,00,00,
WO-DHPSPS-,WO-DHPSPS--L---,46,120328,00,00,
,,46,120400,00,00,
WOS-HABA--,WOS-HABA--P----,46,120401,00,00,
WOS-HABB--,WOS-HABB--P----,46,120402,00,00,
WOS-HABM--,WOS-HABM--P----,46,120403,00,00,
WOS-HABP--,WOS-HABP--P----,46,120404,00,00,
WO-DHABP--,WO-DHABP----A--,46,120405,00,00,
WOS-HAL---,WOS-HAL---P----,46,120406,00,00,
WO-DHALLA-,WO-DHALLA--L---,46,120407,00,00,
WOS-HALV--,WOS-HALV--P----,46,120408,00,00,
WOS-HALH--,WOS-HALH--P----,46,120409,00,00,
,,46,120500,00,00,
WOS-HHRS--,WOS-HHRS--P----,46,120501,00,00,
WOS-HHRA--,WOS-HHRA--P----,46,120502,00,00,
WO-DHHD---,WO-DHHD-----A--,46,120503,00,00,
WOS-HHDF--,WOS-HHDF--P----,46,120504,00,00,
WO-DHHDF--,WO-DHHDF----A--,46,120505,00,00,
WO-DHHDK--,WO-DHHDK--P----,46,120506,00,00,
WO-DHHDK--,WO-DHHDK----A--,46,120507,00,00,
WOS-HHDS--,WOS-HHDS--P----,46,120508,00,00,
WOS-HHDWA-,WOS-HHDWA-P----,46,120509,00,00,
WOS-HHDWB-,WOS-HHDWB-P----,46,120510,00,00,
WO-DHHDB--,WO-DHHDB---L---,46,120511,00,00,
WOS-HHDR--,WOS-HHDR---L---,46,120512,00,00,
WOS-HHDE--,WOS-HHDE--P----,46,120513,00,00,
WO-DHHDD--,WO-DHHDD----A--,46,120514,00,00,
,,46,120600,00,00,
WOS-BFC-S-,WOS-BFC-S-P----,46,120601,00,00,
WOS-BFC-M-,WOS-BFC-M-P----,46,120602,00,00,
WOS-BFC-CL,WOS-BFC-CLP----,46,120603,00,00,
WOS-BFC-SI,WOS-BFC-SIP----,46,120604,00,00,
WOS-BFC-ST,WOS-BFC-STP----,46,120605,00,00,
WOS-BFC-G-,WOS-BFC-G-P----,46,120606,00,00,
WOS-BFC-P-,WOS-BFC-P-P----,46,120607,00,00,
WOS-BFC-CB,WOS-BFC-CBP----,46,120608,00,00,
WOS-BFC-R-,WOS-BFC-R-P----,46,120609,00,00,
WOS-BFC-CO,WOS-BFC-COP----,46,120610,00,00,
WOS-BFC-SH,WOS-BFC-SHP----,46,120611,00,00,
WOS-BFQ-F-,WOS-BFQ-F-P----,46,120612,00,00,
WOS-BFQ-M-,WOS-BFQ-M-P----,46,120613,00,00,
WOS-BFQ-C-,WOS-BFQ-C-P----,46,120614,00,00,
,,46,120700,00,00,
WOS-TCCW--,WOS-TCCW--P----,46,120701,00,00,
WO-DTCCCFE,WO-DTCCCFE-L---,46,120702,00,00,
WO-DTCCCFF,WO-DTCCCFF-L---,46,120703,00,00,
WOS-TCCTD-,WOS-TCCTD-P----,46,120704,00,00,
WOS-TCCTG-,WOS-TCCTG-P----,46,120705,00,00,
,,46,130000,00,00,
,,46,130100,00,00,
WO-DOBVA--,WO-DOBVA----A--,46,130101,00,00,
WO-DOBVB--,WO-DOBVB----A--,46,130102,00,00,
WO-DOBVC--,WO-DOBVC----A--,46,130103,00,00,
WO-DOBVD--,WO-DOBVD----A--,46,130104,00,00,
WO-DOBVE--,WO-DOBVE----A--,46,130105,00,00,
WO-DOBVF--,WO-DOBVF----A--,46,130106,00,00,
WO-DOBVG--,WO-DOBVG----A--,46,130107,00,00,
WO-DOBVH--,WO-DOBVH----A--,46,130108,00,00,
WO-DOBVI--,WO-DOBVI----A--,46,130109,00,00,
,,46,130200,00,00,
WO-DBSF---,WO-DBSF-----A--,46,130201,00,00,
WO-DBSG---,WO-DBSG-----A--,46,130202,00,00,
WO-DBSM---,WO-DBSM-----A--,46,130203,00,00,
WO-DBST---,WO-DBST-----A--,46,130204,00,00,
,,46,140000,00,00,
,,46,140100,00,00,
WO-DGMSR--,WO-DGMSR----A--,46,140101,00,00,
WO-DGMSC--,WO-DGMSC----A--,46,140102,00,00,
WO-DGMSSVS,WO-DGMSSVS--A--,46,140103,00,00,
WO-DGMSSC-,WO-DGMSSC---A--,46,140104,00,00,
WO-DGMSSM-,WO-DGMSSM---A--,46,140105,00,00,
WO-DGMSSF-,WO-DGMSSF---A--,46,140106,00,00,
WO-DGMSSVF,WO-DGMSSVF--A--,46,140107,00,00,
WO-DGMSIVF,WO-DGMSIVF--A--,46,140108,00,00,
WO-DGMSIF-,WO-DGMSIF---A--,46,140109,00,00,
WO-DGMSIM-,WO-DGMSIM---A--,46,140110,00,00,
WO-DGMSIC-,WO-DGMSIC---A--,46,140111,00,00,
WO-DGMSB--,WO-DGMSB----A--,46,140112,00,00,
WO-DGMS-CO,WO-DGMS-CO--A--,46,140113,00,00,
WO-DGMS-PH,WO-DGMS-PH--A--,46,140114,00,00,
WO-DGMS-SH,WO-DGMS-SH--A--,46,140115,00,00,
WO-DGML---,WO-DGML-----A--,46,140116,00,00,
WO-DGMN---,WO-DGMN-----A--,46,140117,00,00,
WO-DGMRS--,WO-DGMRS----A--,46,140118,00,00,
WO-DGMRM--,WO-DGMRM----A--,46,140119,00,00,
WO-DGMRR--,WO-DGMRR----A--,46,140120,00,00,
WO-DGMCL--,WO-DGMCL----A--,46,140121,00,00,
WO-DGMCM--,WO-DGMCM----A--,46,140122,00,00,
WO-DGMCH--,WO-DGMCH----A--,46,140123,00,00,
WO-DGMIBA-,WO-DGMIBA---A--,46,140124,00,00,
WO-DGMIBB-,WO-DGMIBB---A--,46,140125,00,00,
WO-DGMIBC-,WO-DGMIBC---A--,46,140126,00,00,
WO-DGMIBD-,WO-DGMIBD---A--,46,140127,00,00,
WO-DGMIBE-,WO-DGMIBE---A--,46,140128,00,00,
WO-DGMBCA-,WO-DGMBCA---A--,46,140129,00,00,
WO-DGMBCB-,WO-DGMBCB---A--,46,140130,00,00,
WO-DGMBCC-,WO-DGMBCC---A--,46,140131,00,00,
WO-DGMBTA-,WO-DGMBTA---A--,46,140132,00,00,
WO-DGMBTB-,WO-DGMBTB---A--,46,140133,00,00,
WO-DGMBTC-,WO-DGMBTC---A--,46,140134,00,00,
WO-DGMBTD-,WO-DGMBTD---A--,46,140135,00,00,
WO-DGMBTE-,WO-DGMBTE---A--,46,140136,00,00,
WO-DGMBTF-,WO-DGMBTF---A--,46,140137,00,00,
WO-DGMBTG-,WO-DGMBTG---A--,46,140138,00,00,
WO-DGMBTH-,WO-DGMBTH---A--,46,140139,00,00,
WO-DGMBTI-,WO-DGMBTI---A--,46,140140,00,00,
,,46,150000,00,00,
WO-DL-ML--,WO-DL-ML---L---,46,150100,00,00,
WO-DL-MA--,WO-DL-MA----A--,46,150200,00,00,
WO-DL-RA--,WO-DL-RA---L---,46,150300,00,00,
WO-DL-SA--,WO-DL-SA----A--,46,150400,00,00,
WO-DL-TA--,WO-DL-TA----A--,46,150500,00,00,
WO-DL-O---,WO-DL-O-----A--,46,150600,00,00,
,,46,160000,00,00,
WO-DMCA---,WO-DMCA----L---,46,160100,00,00,
WO-DMCC---,WO-DMCC-----A--,46,160200,00,00,
WO-DMCD---,WO-DMCD----L---,46,160300,00,00,
WOS-MF----,WOS-MF----P----,46,160400,00,00,
WOS-ML----,WOS-ML----P----,46,160500,00,00,
WOS-MOA---,WOS-MOA---P----,46,160600,00,00,
WO-DMOA---,WO-DMOA-----A--,46,160700,00,00,
WO-DMPA---,WO-DMPA----L---,46,160800,00,00,
WOS-MPA---,WOS-MPA---P----,46,160900,00,00,
,,47,110000,00,00,
IUPPSCD---,IUPPSCD-----***,50,110100,53,00,
IUAPSCC---,IUAPSCC-----***,50,110100,11,00,
IUAPSCO---,IUAPSCO-----***,50,110100,47,00,
IUAPSCP---,IUAPSCP-----***,50,110100,49,00,
IUAPSCS---,IUAPSCS-----***,50,110100,57,00,
IUGPSCC---,IUGPSCC-----***,52,110100,11,00,
IUGPSCO---,IUGPSCO-----***,52,110100,47,00,
IUGPSCP---,IUGPSCP-----***,52,110100,49,00,
IUGPSCS---,IUGPSCS-----***,52,110100,57,00,
IUGPSCT---,IUGPSCT-----***,52,110100,60,00,
IUSPSCC---,IUSPSCC-----***,53,110100,11,00,
IUSPSCO---,IUSPSCO-----***,53,110100,47,00,
IUSPSCP---,IUSPSCP-----***,53,110100,49,00,
IUSPSCS---,IUSPSCS-----***,53,110100,57,00,
IUUPSCO---,IUUPSCO-----***,54,110100,47,00,
IUUPSCP---,IUUPSCP-----***,54,110100,49,00,
IUUPSCS---,IUUPSCS-----***,54,110100,57,00,
IUPPSRD---,IUPPSRD-----***,50,110300,14,00,
IUPPSRE---,IUPPSRE-----***,50,110300,15,00,
IUPPSRI---,IUPPSRI-----***,50,110300,24,00,
IUPPSRM---,IUPPSRM-----***,50,110300,39,00,
IUPPSRT---,IUPPSRT-----***,50,110300,58,00,
IUPPSRS---,IUPPSRS-----***,50,110300,54,00,
IUPPSRU---,IUPPSRU-----***,50,110300,62,00,
IUAPSRAI--,IUAPSRAI----***,51,110300,03,00,
IUAPSRAS--,IUAPSRAS----***,51,110300,02,00,
IUAPSRC---,IUAPSRC-----***,51,110300,10,00,
IUAPSRD---,IUAPSRD-----***,51,110300,14,00,
IUAPSRE---,IUAPSRE-----***,51,110300,16,00,
IUAPSRF---,IUAPSRF-----***,51,110300,17,00,
IUAPSRI---,IUAPSRI-----***,51,110300,24,00,
IUAPSRMA--,IUAPSRMA----***,51,110300,35,00,
IUAPSRMD--,IUAPSRMD----***,51,110300,37,00,
IUAPSRMG--,IUAPSRMG----***,51,110300,40,00,
IUAPSRMT--,IUAPSRMT----***,51,110300,42,00,
IUAPSRMF--,IUAPSRMF----***,51,110300,39,00,
IUAPSRTI--,IUAPSRTI----***,51,110300,59,00,
IUAPSRTA--,IUAPSRTA----***,51,110300,58,00,
IUAPSRTT--,IUAPSRTT----***,51,110300,61,00,
IUAPSRU---,IUAPSRU-----***,51,110300,62,00,
IUGPSRAT--,IUGPSRAT----***,52,110300,06,00,
IUGPSRAA--,IUGPSRAA----***,52,110300,01,00,
IUGPSRB---,IUGPSRB-----***,52,110300,08,00,
IUGPSRCS--,IUGPSRCS----***,52,110300,12,00,
IUGPSRCA--,IUGPSRCA----***,52,110300,09,00,
IUGPSRD---,IUGPSRD-----***,52,110300,14,00,
IUGPSRE---,IUGPSRE-----***,52,110300,16,00,
IUGPSRF---,IUGPSRF-----***,52,110300,17,00,
IUGPSRH---,IUGPSRH-----***,52,110300,19,00,
IUGPSRI---,IUGPSRI-----***,52,110300,21,00,
IUGPSRMM--,IUGPSRMM----***,52,110300,38,00,
IUGPSRMA--,IUGPSRMA----***,52,110300,35,00,
IUGPSRMG--,IUGPSRMG----***,52,110300,40,00,
IUGPSRMT--,IUGPSRMT----***,52,110300,42,00,
IUGPSRMF--,IUGPSRMF----***,52,110300,39,00,
IUGPSRS---,IUGPSRS-----***,52,110300,56,00,
IUGPSRTA--,IUGPSRTA----***,52,110300,58,00,
IUGPSRTI--,IUGPSRTI----***,52,110300,59,00,
IUGPSRTT--,IUGPSRTT----***,52,110300,61,00,
IUGPSRU---,IUGPSRU-----***,52,110300,62,00,
IUSPSRAT--,IUSPSRAT----***,53,110300,06,00,
IUSPSRAA--,IUSPSRAA----***,53,110300,01,00,
IUSPSRCA--,IUSPSRCA----***,53,110300,09,00,
IUSPSRCI--,IUSPSRCI----***,53,110300,10,00,
IUSPSRD---,IUSPSRD-----***,53,110300,14,00,
IUSPSRE---,IUSPSRE-----***,53,110300,16,00,
IUSPSRF---,IUSPSRF-----***,53,110300,17,00,
IUSPSRH---,IUSPSRH-----***,53,110300,19,00,
IUSPSRI---,IUSPSRI-----***,53,110300,21,00,
IUSPSRMM--,IUSPSRMM----***,53,110300,38,00,
IUSPSRMA--,IUSPSRMA----***,53,110300,35,00,
IUSPSRMG--,IUSPSRMG----***,53,110300,40,00,
IUSPSRMT--,IUSPSRMT----***,53,110300,42,00,
IUSPSRMF--,IUSPSRMF----***,53,110300,39,00,
IUSPSRS---,IUSPSRS-----***,53,110300,55,00,
IUSPSRTA--,IUSPSRTA----***,53,110300,58,00,
IUSPSRTI--,IUSPSRTI----***,53,110300,59,00,
IUSPSRTT--,IUSPSRTT----***,53,110300,61,00,
IUSPSRU---,IUSPSRU-----***,53,110300,62,00,
IUUPSRD---,IUUPSRD-----***,54,110300,14,00,
IUUPSRE---,IUUPSRE-----***,54,110300,16,00,
IUUPSRM---,IUUPSRM-----***,54,110300,39,00,
IUUPSRS---,IUUPSRS-----***,54,110300,55,00,
IUUPSRT---,IUUPSRT-----***,54,110300,58,00,
IUUPSRU---,IUUPSRU-----***,54,110300,62,00,
,,60,110000,00,00,
,,60,110100,00,00,
,,60,110200,00,00,
,,60,110300,00,00,
,,60,110400,00,00,
,,60,120000,00,00,
,,60,120100,00,00,
,,60,120101,00,00,
,,60,120102,00,00,
,,60,120103,00,00,
,,60,120104,00,00,
,,60,120200,00,00,
,,60,120201,00,00,
,,60,120202,00,00,
,,60,120203,00,00,
,,60,120204,00,00,
,,60,130000,00,00,
,,60,130100,00,00,
,,60,130200,00,00,
,,60,130300,00,00,
,,60,130400,00,00,
,,60,140000,00,00,
,,60,140100,00,00,
,,60,140200,00,00,
,,60,140300,00,00,
,,60,140400,00,00,
,,60,140500,00,00,
,,60,140600,00,00,
,,60,140700,00,00,
,,60,140800,00,00,
,,60,140900,00,00,
,,60,141000,00,00,
,,60,141100,00,00,
,,60,141200,00,00,
WOS-HHDMDF,WOS-HHDMDF,98,110000,00,00,Retired
WOS-HHDMDB,WOS-HHDMDB,98,110000,00,00,Retired
G*GPGLB---,G*GPGLB---****X,25,110100,,,
SUGPUCII--,SUGPUCII-------,10,121105,0,0,
SUGPUCAW--,SUGPUCAW-------,15,120100,0,0,
SUGPUCAWS-,SUGPUCAWS-*****,10,120400,01,51,
SUGPUCFRMR,SUGPUCFRMR*****,10,130301,41,51,
SFGPUCFRMT,SFGPUCFRMT*****,10,130302,41,47,
######################################################,,,,,,
# 2525C -> D ones left out of original table(2nd Tab),,,,,,
SUZP------,SUZP------*****,00,000000,00,00,
SUAP------,SUAP------*****,01,000000,00,00,
SUGP------,SUGP------*****,15,000000,00,00,
SUGPU-----,SUGPU-----*****,10,000000,00,00,
SUGPUH----,SUGPUH----*****,10,000000,00,00,Substitute,Needs HQ Code=2
SUGPUCDSC-,SUGPUCDSC-*****,10,111101,00,00,Substitute
SUGPUCDSS-,SUGPUCDSS-*****,10,111101,00,00,Substitute
SUGPUCDSV-,SUGPUCDSV-*****,10,111101,00,00,Substitute
SUGPUCDMLA,SUGPUCDMLA*****,10,111107,00,00,Substitute
SUGPUCDHH-,SUGPUCDHH-*****,10,111107,00,00,Substitute
SUGPUCDHP-,SUGPUCDHP-*****,10,111107,00,00,Substitute
SUGPUCA---,SUGPUCA---*****,10,120500,00,00,Repeat
SUGPUCAAD-,SUGPUCAAD-*****,10,120401,00,00,Repeat
SUGPUCAAA-,SUGPUCAAA-*****,10,120401,00,00,Repeat-Ech/Mob=33
SUGPUCAAAT,SUGPUCAAAT*****,10,120500,00,00,Repeat
SUGPUCAWA-,SUGPUCAWA-*****,15,120100,00,00,Substitute
SUGPUCAWL-,SUGPUCAWL-*****,15,120100,00,00,Substitute 
SUGPUCAWM-,SUGPUCAWM-*****,15,120100,00,00,Substitute
SUGPUCAWH-,SUGPUCAWH-*****,15,120100,00,00,Substitute
SUGPUCAWR-,SUGPUCAWR-*****,15,120100,00,00,Substitute
SUGPUCAWWR,SUGPUCAWWR*****,15,120100,00,00,Substitute
SUGPUCAAAS,SUGPUCAAAS*****,15,120100,00,00,Substitute
SUGPUCAWWR,SUGPUCAWWR*****,15,120100,00,00,Substitute
SUGPUCVR--,SUGPUCVR--*****,10,120600,00,00,Repeat
SUGPUCVRS-,SUGPUCVRS-*****,10,120601,00,00,Repeat
SUGPUCFHX-,SUGPUCFHX-*****,10,130300,00,00,Substitute
SUGPUCFR--,SUGPUCFR--*****,10,130300,00,00,Substitute,Mobility=52
SUGPUCFTCD,SUGPUCFTCD*****,10,130400,00,00,Repeat
SUGPUCFML-,SUGPUCFML-*****,10,130300,00,00,Substitute,Mobility=52
SUGPUCRV--,SUGPUCRV--*****,10,121303,00,00,Repeat,Same as Recon SUGPUCR---
SUGPUCRVA-,SUGPUCRVA-*****,10,120501,00,00,Repeat,Recon tracked (120501)	
SUGPUCRVG-,SUGPUCRVG-*****,10,121300,00,00,Repeat
#S*GPUCSG--*****,Repeat,Use Combat, Internal Security Force code
#S*GPUCSGD-*****,Repeat?
#S*GPUUACRS*****,Repeat?
#S*GPUUMSEA*****,Repeat?
SUGPUUMR--,SUGPUUMR--*****,10,151000,00,00,Repeat,Repeat of SUGPUUM---*****
#S*GPUUL---*****,Repeat?
#S*GPUUSCL-*****,Repeat?
#S*GPUUSMS-*****,Repeat?
#S*GPUUSW--*****,Repeat?
#S*GPUUI---*****,Repeat?
#S*GPUSS3AT*****,Repeat?,Use Theater amplifier
#S*GPUSS3AC*****,Repeat?,Use Theater amplifier
#S*GPUSXR--*****,Repeat?
#S*GPUSXRT-*****,Repeat?
#S*GPUSXRC-*****,Repeat?
SUGPE-----,SUGPE-----*****,15,000000,00,00,
#S*GPEWMATR*****,Repeat?,Use Theater amplifier
#S*GPEWMATE*****,Repeat?,Use Theater amplifier
#S*GPEWHLS-*****,Repeat?,Use Mobiliity amplifier
#S*GPEWHMS-*****,Repeat?,Use Mobiliity amplifier
#S*GPEWHHS-*****,Repeat?,Use Mobiliity amplifier
#S*GPEWDLS-*****,Repeat?,Use Mobiliity amplifier
#S*GPEWDMS-*****,Repeat?,Use Mobiliity amplifier
#S*GPEWDHS-*****,Repeat?,Use Mobiliity amplifier
#S*GPEVC---*****,Repeat?,Use Mod1 civilian
SUGPI-----,SUGPI-----H----,20,000000,00,00,
#S*GPIR----H****,Repeat?
#S*GPIP----H****,Repeat?
#S*GPIU----H****,Repeat?
#S*GPIUR---H****,Repeat?
#S*GPIUT---H****,Repeat?
#S*GPIUED--H****,Repeat?
#S*GPIUEF--H****,Repeat?
#S*SPCPSUM-*****,Deleted 
#S*SPCH----*****,Deleted 	
SUSPNH----,SUSPNH----*****,30,140107,00,00,
SUSP------,SUSP------*****,30,000000,00,00,
SUUP------,SUUP------*****,35,000000,00,00,
SUUPSN----,SUUPSN----*****,35,110100,00,06,Substitute
SUUPSNF---,SUUPSNF---*****,35,110100,00,06,Substitute
SUUPSNA---,SUUPSNA---*****,35,110100,00,06,Substitute
SUUPSNM---,SUUPSNM---*****,35,110100,00,06,Substitute
SUUPSNG---,SUUPSNG---*****,35,110100,00,06,Substitute
SUUPSNB---,SUUPSNB---*****,35,110100,00,06,Substitute
SUUPSC----,SUUPSC----*****,35,110100,00,02,Substitute
SUUPSCF---,SUUPSCF---*****,35,110100,00,02,Substitute
SUUPSCA---,SUUPSCA---*****,35,110100,00,02,Substitute
SUUPSCM---,SUUPSCM---*****,35,110100,00,02,Substitute
SUUPSCG---,SUUPSCG---*****,35,110100,00,02,Substitute
SUUPSCB---,SUUPSCB---*****,35,110100,00,02,Substitute
SUUPSOF---,SUUPSOF---*****,35,110101,00,00,Substitute,Deleted
SUUPSK----,SUUPSK----*****,35,110102,00,00,Substitute,Deleted 
#S*UPWMGC--*****		
#S*UPWMMC--*****		
#S*UPWMFC--*****		
#S*UPWMC---*****		
#S*FPAH----*****,Repeat?
G*GPDAB---,G*GPDAB---****X,25,151201,,,Repeat
G*OPSB----,G*OPSB----****X,25,218700,,,Repeat,Repeat of G*OPSBN---****X
OUIPR-----,OUIPR-----*****,11,110400,00,00,Repeat
EUOPDD----,EUOPDD----*****,40,150100,00,00,
EUOPA-----,EUOPA-----*****,40,131300,00,00,Repeat
EUOPB-----,EUOPB-----*****,40,131300,00,00,Repeat
EUOPBJ----,EUOPBJ----*****,40,131200,00,00,Repeat,Needs Team echelon amplifier
EUOPC-----,EUOPC-----*****,40,131300,00,00,Substitute
SUGPIMV---,S*GPIMV---H****,20,121306,00,00,Repeat,Repeat of EUFPLH----H****
######################################################,,,,,,
## New Mappings
S*APWB----,S*APWB---------,02,110000,00,00,Substitute,Substitute Air Missile for Bomb symbol
